state,pumano,hhid,serialno,inc,child,veh,wkr
35,500,3,2009000000000,1,2,2,1
35,500,4,2009000000000,2,1,3,3
35,500,7,2009000000000,5,1,3,3
35,500,15,2009000000000,2,2,2,1
35,500,16,2009000000000,4,2,4,2
35,500,19,2009000000000,2,2,2,1
35,500,23,2009000000000,5,2,3,4
35,500,27,2009000000000,4,1,3,4
35,500,29,2009000000000,4,1,3,2
35,500,36,2009000000000,4,2,3,1
35,500,40,2009000000000,4,2,4,3
35,500,52,2009000000000,1,1,2,1
35,500,59,2009000000000,3,2,3,2
35,500,65,2009000000000,4,2,3,2
35,500,67,2009000000000,4,1,5,3
35,500,70,2009000000000,4,2,3,3
35,500,71,2009000000000,5,2,5,3
35,500,81,2009000000000,5,1,4,2
35,500,87,2009000000000,1,2,2,1
35,500,90,2009000000000,5,1,5,2
35,500,93,2009000000000,2,2,2,1
35,500,105,2009000000000,4,2,4,1
35,500,106,2009000000000,4,1,3,3
35,500,107,2009000000000,4,1,3,3
35,500,110,2009000000000,1,2,1,1
35,500,116,2009000000000,3,2,3,3
35,500,117,2009000000000,1,1,3,2
35,500,119,2009000000000,4,1,5,2
35,500,120,2009000000000,1,2,3,2
35,500,128,2009000000000,3,1,4,3
35,500,131,2009000000000,1,2,3,1
35,500,141,2009000000000,5,2,4,1
35,500,145,2009000000000,3,2,3,1
35,500,147,2009000000000,4,2,5,2
35,500,149,2009000000000,4,2,3,1
35,500,150,2009000000000,3,2,2,2
35,500,156,2009000000000,5,1,3,2
35,500,157,2009000000000,3,1,3,3
35,500,162,2009000000000,1,2,1,1
35,500,165,2009000000000,3,1,3,3
35,500,168,2009000000000,2,2,2,2
35,500,183,2009000000000,3,1,2,3
35,500,184,2009000000000,5,2,3,3
35,500,190,2009000000000,1,2,1,1
35,500,201,2009000000000,5,2,3,3
35,500,207,2009000000000,2,2,2,2
35,500,210,2009000000000,4,1,4,4
35,500,215,2009000000000,2,2,3,1
35,500,216,2009000000000,2,2,3,2
35,500,227,2009000000000,5,2,3,2
35,500,232,2009000000000,3,2,1,2
35,500,246,2009000000000,5,1,4,3
35,500,251,2009000000000,3,2,2,2
35,500,253,2009000000000,5,1,4,3
35,500,258,2009000000000,4,1,3,3
35,500,265,2009000000000,1,2,2,2
35,500,266,2009000000000,5,2,5,3
35,500,270,2009000000000,2,2,2,2
35,500,272,2009000000000,5,2,4,3
35,500,273,2009000000000,4,2,2,2
35,500,274,2009000000000,3,2,4,1
35,500,277,2009000000000,4,2,4,4
35,500,280,2009000000000,2,2,3,2
35,500,285,2009000000000,1,2,2,1
35,500,295,2009000000000,2,1,4,2
35,500,296,2009000000000,4,1,5,2
35,500,298,2009000000000,1,2,2,1
35,500,299,2009000000000,1,2,2,2
35,500,309,2009000000000,4,2,3,1
35,500,313,2009000000000,4,2,3,2
35,500,317,2009000000000,2,1,5,2
35,500,318,2009000000000,2,1,4,2
35,500,323,2009000000000,4,2,3,2
35,500,324,2009000000000,3,1,4,3
35,500,325,2009000000000,4,1,5,4
35,500,326,2009000000000,3,1,2,3
35,500,327,2009000000000,5,1,3,2
35,500,334,2009000000000,1,2,2,1
35,500,347,2009000000000,5,2,1,3
35,500,350,2009000000000,4,2,4,3
35,500,363,2009000000000,1,2,2,1
35,500,365,2009000000000,4,2,3,2
35,500,369,2009000000000,2,1,3,3
35,500,371,2009000000000,5,2,4,3
35,500,381,2009000000000,1,1,3,1
35,500,382,2009000000000,2,1,3,2
35,500,384,2009000000000,1,2,2,1
35,500,386,2009000000000,4,2,4,3
35,500,391,2009000000000,2,2,2,2
35,500,399,2009000000000,5,1,5,3
35,500,401,2009000000000,2,2,2,1
35,500,403,2009000000000,1,1,3,1
35,500,406,2009000000000,4,1,5,3
35,500,408,2009000000000,2,2,4,2
35,500,414,2009000000000,1,2,2,2
35,500,426,2009000000000,1,2,2,1
35,500,427,2009000000000,3,2,3,1
35,500,431,2009000000000,4,2,2,4
35,500,448,2009000000000,2,2,3,1
35,500,451,2009000000000,3,2,3,2
35,500,455,2009000000000,2,1,3,2
35,500,461,2009000000000,4,2,3,2
35,500,471,2009000000000,1,1,2,1
35,500,475,2009000000000,5,2,3,1
35,500,476,2009000000000,3,2,4,3
35,500,479,2009000000000,1,2,2,2
35,500,484,2009000000000,5,2,2,2
35,500,490,2009000000000,1,1,3,3
35,500,495,2009000000000,1,2,2,1
35,500,497,2009000000000,4,1,4,3
35,500,507,2009000000000,1,2,2,2
35,500,508,2009000000000,4,1,4,2
35,500,509,2009000000000,2,2,2,2
35,500,510,2009000000000,1,2,3,1
35,500,527,2009000000000,4,1,5,4
35,500,529,2009000000000,2,2,3,1
35,500,533,2009000000000,2,2,2,2
35,500,538,2009000000000,5,2,3,3
35,500,541,2009000000000,5,1,2,3
35,500,542,2009000000000,2,2,4,2
35,500,548,2009000000000,4,2,3,1
35,500,549,2009000000000,5,2,3,1
35,500,550,2009000000000,5,2,3,3
35,500,553,2009000000000,2,1,5,2
35,500,555,2009000000000,3,1,2,2
35,500,557,2009000000000,4,2,3,3
35,500,562,2009000000000,1,2,3,1
35,500,564,2009000000000,4,2,3,2
35,500,570,2009000000000,3,2,3,2
35,500,572,2009000000000,5,2,5,1
35,500,575,2009000000000,5,1,2,3
35,500,578,2009000000000,1,2,2,1
35,500,579,2009000000000,3,2,2,1
35,500,581,2009000000000,3,2,4,3
35,500,582,2009000000000,5,1,2,3
35,500,584,2009000000000,2,1,3,1
35,500,592,2009000000000,4,2,3,2
35,500,597,2009000000000,5,2,5,2
35,500,599,2009000000000,1,2,2,3
35,500,602,2009000000000,2,2,4,3
35,500,607,2009000000000,4,1,4,3
35,500,611,2009000000000,5,1,4,3
35,500,623,2009000000000,5,2,3,3
35,500,626,2009000000000,2,1,3,3
35,500,627,2009000000000,4,2,4,3
35,500,634,2009000000000,5,2,4,4
35,500,639,2009000000000,3,2,3,2
35,500,645,2009000000000,2,2,2,2
35,500,651,2009000000000,3,1,3,3
35,500,658,2009000000000,3,1,2,1
35,500,662,2009000000000,2,2,1,1
35,500,663,2009000000000,3,2,3,1
35,500,665,2009000000000,1,2,2,1
35,500,669,2009000000000,1,2,2,1
35,500,672,2009000000000,1,2,1,1
35,500,674,2009000000000,2,2,3,1
35,500,678,2009000000000,4,1,2,3
35,500,680,2009000000000,2,2,3,1
35,500,684,2009000000000,2,1,4,3
35,500,692,2009000000000,2,2,2,1
35,500,693,2009000000000,4,2,5,4
35,500,694,2009000000000,4,1,4,3
35,500,699,2009000000000,5,1,5,4
35,500,700,2009000000000,2,2,3,1
35,500,704,2009000000000,1,2,2,1
35,500,705,2009000000000,4,2,3,1
35,500,709,2009000000000,5,1,5,4
35,500,710,2009000000000,5,2,4,4
35,500,713,2009000000000,5,2,4,2
35,500,717,2009000000000,2,1,3,2
35,500,719,2009000000000,1,2,3,1
35,500,720,2009000000000,1,1,2,1
35,500,721,2009000000000,5,1,3,3
35,500,724,2009000000000,2,2,3,3
35,500,727,2009000000000,1,2,2,1
35,500,729,2009000000000,3,2,4,1
35,500,739,2009000000000,4,2,3,1
35,500,744,2009000000000,4,1,4,3
35,500,746,2009000000000,3,1,4,2
35,500,747,2009000000000,3,2,4,2
35,500,748,2009000000000,2,2,3,4
35,500,749,2009000000000,4,2,3,1
35,500,760,2009000000000,4,2,4,3
35,500,761,2009000000000,4,1,3,2
35,500,762,2009000000000,4,2,5,3
35,500,763,2009000000000,3,2,3,2
35,500,764,2009000000000,5,1,4,2
35,500,765,2009000000000,4,2,3,3
35,500,766,2009000000000,1,2,1,2
35,500,768,2009000000000,2,2,4,2
35,500,769,2009000000000,5,2,5,2
35,500,774,2009000000000,1,2,2,1
35,500,776,2009000000000,4,2,2,2
35,500,782,2009000000000,5,1,3,2
35,500,784,2009000000000,2,2,3,2
35,500,785,2009000000000,4,2,3,1
35,500,786,2009000000000,1,1,3,2
35,500,787,2009000000000,3,2,3,2
35,500,789,2009000000000,2,1,2,2
35,500,797,2009000000000,2,2,2,2
35,500,813,2009000000000,2,1,3,2
35,500,815,2009000000000,2,2,2,2
35,500,819,2009000000000,5,1,2,4
35,500,823,2009000000000,3,1,5,3
35,500,831,2009000000000,5,2,4,3
35,500,843,2009000000000,2,2,2,2
35,500,849,2009000000000,3,2,2,1
35,500,851,2009000000000,2,2,2,3
35,500,856,2009000000000,2,2,2,2
35,500,857,2009000000000,4,2,3,3
35,500,858,2009000000000,4,1,3,2
35,500,861,2009000000000,3,1,4,2
35,500,862,2009000000000,5,1,4,4
35,500,863,2009000000000,5,1,4,3
35,500,864,2009000000000,1,2,2,2
35,500,872,2009000000000,1,2,1,1
35,500,876,2009000000000,2,2,2,1
35,500,877,2009000000000,3,2,3,1
35,500,882,2009000000000,3,2,3,3
35,500,885,2009000000000,2,2,4,1
35,500,886,2009000000000,4,2,5,3
35,500,889,2009000000000,1,1,2,2
35,500,892,2009000000000,5,2,3,2
35,500,898,2009000000000,2,2,2,1
35,500,899,2009000000000,4,1,4,2
35,500,901,2009000000000,2,2,3,2
35,500,903,2009000000000,4,2,2,1
35,500,904,2009000000000,2,2,2,1
35,500,905,2009000000000,2,2,3,1
35,500,909,2009000000000,5,2,2,3
35,500,915,2009000000000,5,1,3,3
35,500,920,2009000000000,5,1,4,4
35,500,923,2009000000000,3,2,2,1
35,500,932,2009000000000,4,1,4,3
35,500,936,2009000000000,2,2,3,2
35,500,938,2009000000000,2,2,2,1
35,500,939,2009000000000,4,2,4,3
35,500,944,2009000000000,2,1,2,2
35,500,961,2009000000000,5,2,3,1
35,500,965,2009000000000,4,2,3,3
35,500,966,2009000000000,5,2,5,3
35,500,968,2009000000000,2,2,1,1
35,500,969,2009000000000,3,2,3,1
35,500,972,2009000000000,3,2,2,2
35,500,974,2009000000000,3,1,3,2
35,500,991,2009000000000,3,1,5,4
35,500,992,2009000000000,2,1,5,3
35,500,993,2009000000000,3,1,5,3
35,500,994,2009000000000,5,2,4,3
35,500,1005,2009000000000,5,2,3,3
35,500,1007,2009000000000,1,2,1,1
35,500,1009,2009000000000,5,1,4,3
35,500,1010,2009000000000,4,2,2,2
35,500,1020,2009000000000,3,2,2,2
35,500,1021,2009000000000,4,2,2,2
35,500,1024,2009000000000,3,2,3,1
35,500,1025,2009000000000,5,2,3,3
35,500,1026,2009000000000,3,2,1,2
35,500,1036,2009000000000,3,1,2,3
35,500,1041,2009000000000,1,1,3,1
35,500,1058,2009000000000,1,2,2,1
35,500,1059,2009000000000,1,2,2,2
35,500,1060,2009000000000,3,1,2,2
35,500,1064,2009000000000,1,1,2,1
35,500,1066,2009000000000,3,2,3,3
35,500,1073,2009000000000,4,2,4,2
35,500,1074,2009000000000,5,1,3,3
35,500,1083,2009000000000,3,2,4,1
35,500,1086,2009000000000,4,2,3,3
35,500,1087,2009000000000,5,2,3,2
35,500,1089,2009000000000,3,2,3,2
35,500,1092,2009000000000,2,2,2,1
35,500,1093,2009000000000,2,2,2,1
35,500,1106,2009000000000,4,2,3,1
35,500,1110,2009000000000,5,1,3,3
35,500,1114,2009000000000,2,2,3,3
35,500,1116,2009000000000,4,1,3,3
35,500,1117,2009000000000,1,2,3,1
35,500,1120,2009000000000,5,1,3,2
35,500,1123,2009000000000,3,1,5,2
35,500,1126,2009000000000,1,2,2,2
35,500,1129,2009000000000,5,2,4,3
35,500,1130,2009000000000,4,2,3,1
35,500,1132,2009000000000,4,1,3,2
35,500,1135,2009000000000,1,1,2,2
35,500,1137,2009000000000,1,1,2,2
35,500,1141,2009000000000,4,2,2,2
35,500,1146,2009000000000,3,1,4,2
35,500,1167,2009000000000,3,1,3,3
35,500,1169,2009000000000,1,2,3,1
35,500,1178,2009000000000,5,2,4,3
35,500,1181,2009000000000,4,1,5,3
35,500,1183,2009000000000,2,2,2,1
35,500,1188,2009000000000,3,1,3,3
35,500,1190,2009000000000,2,2,2,1
35,500,1193,2009000000000,5,2,5,2
35,500,1199,2009000000000,4,2,4,2
35,500,1206,2009000000000,4,2,4,2
35,500,1208,2009000000000,2,2,1,1
35,500,1211,2009000000000,3,2,3,3
35,500,1212,2009000000000,3,1,3,3
35,500,1216,2009000000000,4,2,4,2
35,500,1220,2009000000000,5,2,4,1
35,500,1227,2009000000000,3,2,3,2
35,500,1229,2009000000000,2,2,5,3
35,500,1240,2009000000000,3,1,3,2
35,500,1250,2009000000000,5,1,5,4
35,500,1253,2009000000000,1,2,2,1
35,500,1259,2009000000000,4,2,3,1
35,500,1269,2009000000000,5,2,5,3
35,500,1271,2009000000000,1,2,2,1
35,500,1272,2009000000000,3,2,1,2
35,500,1275,2009000000000,4,2,3,2
35,500,1276,2009000000000,2,2,2,1
35,500,1281,2009000000000,3,1,5,2
35,500,1283,2009000000000,4,2,5,3
35,500,1285,2009000000000,2,1,3,2
35,500,1290,2009000000000,5,2,3,2
35,500,1291,2009000000000,4,1,4,3
35,500,1297,2009000000000,4,2,3,3
35,500,1299,2009000000000,4,1,3,3
35,500,1304,2009000000000,3,2,3,2
35,500,1307,2009000000000,1,2,3,1
35,500,1310,2009000000000,4,2,2,2
35,500,1311,2009000000000,1,2,1,2
35,500,1313,2009000000000,4,2,3,2
35,500,1314,2009000000000,2,1,4,3
35,500,1315,2009000000000,2,2,4,1
35,500,1322,2009000000000,2,2,4,3
35,500,1331,2009000000000,3,1,3,3
35,500,1334,2009000000000,5,2,3,4
35,500,1339,2009000000000,4,1,3,3
35,500,1347,2009000000000,1,2,4,2
35,500,1350,2009000000000,2,1,3,2
35,500,1354,2009000000000,1,2,2,1
35,500,1363,2009000000000,2,2,3,1
35,500,1369,2009000000000,4,1,4,4
35,500,1388,2009000000000,1,2,3,2
35,500,1390,2009000000000,2,1,2,2
35,500,1394,2009000000000,3,2,5,2
35,500,1415,2009000000000,3,2,2,2
35,500,1416,2009000000000,4,2,4,1
35,500,1418,2009000000000,1,2,2,2
35,500,1419,2009000000000,5,1,2,3
35,500,1429,2009000000000,4,2,3,3
35,500,1432,2009000000000,5,1,3,2
35,500,1435,2009000000000,3,2,5,1
35,500,1439,2009000000000,1,1,4,2
35,500,1447,2009000000000,5,2,4,3
35,500,1461,2009000000000,2,1,3,3
35,500,1464,2009000000000,4,1,2,2
35,500,1470,2009000000000,4,2,3,2
35,500,1471,2009000000000,2,1,4,2
35,500,1477,2009000000000,3,2,5,1
35,500,1478,2009000000000,4,2,3,3
35,500,1482,2009000000000,2,1,2,1
35,500,1487,2009000000000,2,1,2,2
35,500,1490,2009000000000,2,2,2,2
35,500,1492,2009000000000,4,1,3,2
35,500,1496,2009000000000,2,1,2,2
35,500,1497,2009000000000,5,2,4,1
35,500,1498,2009000000000,4,2,3,3
35,500,1499,2009000000000,2,2,3,2
35,500,1503,2009000000000,3,2,2,1
35,500,1507,2009000000000,5,1,3,3
35,500,1510,2009000000000,5,2,3,3
35,500,1513,2009000000000,1,2,3,1
35,500,1514,2009000000000,4,2,2,3
35,500,1520,2009000000000,4,2,4,3
35,500,1522,2009000000000,1,1,2,2
35,500,1527,2009000000000,5,2,4,4
35,500,1532,2009000000000,4,2,2,3
35,500,1533,2009000000000,5,2,2,1
35,500,1535,2009000000000,3,1,2,2
35,500,1540,2009000000000,4,2,3,1
35,500,1542,2009000000000,4,1,2,2
35,500,1549,2009000000000,3,2,4,2
35,500,1553,2009000000000,2,1,3,3
35,500,1554,2009000000000,2,2,2,1
35,500,1558,2009000000000,5,1,5,4
35,500,1564,2009000000000,1,2,5,1
35,500,1565,2009000000000,2,2,5,1
35,500,1566,2009000000000,4,2,4,2
35,500,1567,2009000000000,1,2,2,1
35,500,1571,2009000000000,5,1,3,2
35,500,1576,2009000000000,3,1,3,3
35,500,1578,2009000000000,4,2,2,3
35,500,1579,2009000000000,2,1,5,3
35,500,1580,2009000000000,3,2,3,1
35,500,1582,2009000000000,5,2,5,1
35,500,1584,2009000000000,1,1,2,2
35,500,1585,2009000000000,4,2,3,1
35,500,1588,2009000000000,2,1,5,2
35,500,1593,2009000000000,4,1,2,2
35,500,1606,2009000000000,4,2,4,2
35,500,1610,2009000000000,3,1,3,2
35,500,1619,2009000000000,2,2,4,2
35,500,1622,2009000000000,3,1,2,3
35,500,1624,2009000000000,5,1,3,3
35,500,1628,2009000000000,5,1,4,4
35,500,1630,2009000000000,4,2,2,1
35,500,1632,2009000000000,2,1,2,2
35,500,1639,2009000000000,3,1,2,2
35,500,1643,2009000000000,1,1,3,2
35,500,1651,2009000000000,5,2,5,3
35,500,1652,2009000000000,5,2,3,1
35,500,1656,2009000000000,4,2,2,2
35,500,1657,2009000000000,2,2,3,2
35,500,1658,2009000000000,2,1,2,2
35,500,1662,2009000000000,4,1,3,2
35,500,1666,2009000000000,4,2,3,2
35,500,1669,2009000000000,5,1,5,4
35,500,1672,2009000000000,5,2,5,3
35,500,1673,2009000000000,4,1,2,3
35,500,1675,2009000000000,2,1,4,3
35,500,1694,2009000000000,3,1,2,2
35,500,1700,2009000000000,3,2,5,2
35,500,1706,2009000000000,5,2,5,2
35,500,1707,2009000000000,3,2,3,3
35,500,1716,2009000000000,3,1,3,2
35,500,1720,2009000000000,5,1,4,3
35,500,1732,2009000000000,3,2,3,2
35,500,1736,2009000000000,3,2,2,1
35,500,1748,2009000000000,4,2,3,1
35,500,1749,2009000000000,2,1,2,2
35,500,1750,2009000000000,4,2,4,3
35,500,1751,2009000000000,1,2,2,1
35,500,1759,2009000000000,2,2,1,1
35,500,1761,2009000000000,5,2,3,3
35,500,1764,2009000000000,5,2,2,2
35,500,1766,2009000000000,2,2,3,1
35,500,1767,2009000000000,1,2,1,1
35,500,1769,2009000000000,3,2,2,2
35,500,1772,2009000000000,4,1,1,2
35,500,1774,2009000000000,4,2,5,3
35,500,1776,2009000000000,1,2,2,1
35,500,1778,2009000000000,1,1,2,2
35,500,1781,2009000000000,3,2,2,2
35,500,1782,2009000000000,5,2,3,2
35,500,1784,2009000000000,1,1,2,1
35,500,1800,2009000000000,2,2,2,1
35,500,1804,2009000000000,4,1,5,3
35,500,1808,2009000000000,1,2,2,1
35,500,1814,2009000000000,1,2,2,1
35,500,1821,2009000000000,4,1,5,2
35,500,1834,2009000000000,1,2,2,1
35,500,1839,2009000000000,3,2,3,3
35,500,1842,2009000000000,4,1,3,3
35,500,1844,2009000000000,4,1,2,2
35,500,1848,2009000000000,4,2,2,2
35,500,1852,2009000000000,2,2,1,1
35,500,1853,2009000000000,4,2,5,3
35,500,1854,2009000000000,4,2,3,2
35,500,1857,2009000000000,1,2,2,1
35,500,1863,2009000000000,2,2,5,1
35,500,1865,2009000000000,4,2,4,4
35,500,1870,2009000000000,1,2,1,1
35,500,1879,2009000000000,3,2,3,2
35,500,1882,2009000000000,5,1,4,3
35,500,1893,2009000000000,4,2,3,1
35,500,1899,2009000000000,3,1,2,2
35,500,1904,2009000000000,2,1,2,2
35,500,1908,2009000000000,1,2,1,2
35,500,1911,2009000000000,5,1,5,4
35,500,1914,2009000000000,4,2,3,3
35,500,1917,2009000000000,2,2,3,2
35,500,1919,2009000000000,2,1,3,2
35,500,1920,2009000000000,2,1,2,1
35,500,1929,2009000000000,4,2,3,2
35,500,1931,2009000000000,2,2,3,1
35,500,1932,2009000000000,2,1,2,2
35,500,1933,2009000000000,4,1,3,4
35,500,1937,2009000000000,5,2,3,3
35,500,1938,2009000000000,2,2,2,2
35,500,1942,2009000000000,4,2,3,3
35,500,1952,2009000000000,4,1,4,2
35,500,1961,2009000000000,4,2,3,2
35,500,1968,2009000000000,3,1,4,3
35,500,1969,2009000000000,1,1,3,2
35,500,1971,2009000000000,3,2,3,3
35,500,1976,2009000000000,5,1,4,3
35,500,1979,2009000000000,4,1,2,2
35,500,1980,2009000000000,2,2,2,1
35,500,1982,2009000000000,2,1,3,2
35,500,1984,2009000000000,4,2,3,3
35,500,1987,2009000000000,5,1,3,3
35,500,1993,2009000000000,1,2,2,1
35,500,1995,2009000000000,1,1,3,2
35,500,1999,2009000000000,4,1,3,1
35,500,2000,2009000000000,3,2,2,3
35,500,2016,2009000000000,1,2,3,1
35,500,2022,2009000000000,4,2,2,1
35,500,2031,2009000000000,2,2,4,3
35,500,2033,2009000000000,5,2,3,3
35,500,2036,2009000000000,2,2,3,2
35,500,2043,2009000000000,2,1,3,2
35,500,2047,2009000000000,4,2,3,3
35,500,2064,2009000000000,3,1,3,2
35,500,2065,2009000000000,2,2,3,2
35,500,2069,2009000000000,2,1,5,3
35,500,2071,2009000000000,4,1,5,3
35,500,2073,2009000000000,3,1,4,2
35,500,2074,2009000000000,1,1,3,2
35,500,2078,2009000000000,1,2,2,1
35,500,2079,2009000000000,4,2,2,1
35,500,2081,2009000000000,4,2,4,2
35,500,2082,2009000000000,5,1,3,3
35,500,2085,2009000000000,5,1,3,3
35,500,2086,2009000000000,1,2,3,3
35,500,2087,2009000000000,1,2,2,1
35,500,2089,2009000000000,4,1,4,2
35,500,2090,2009000000000,5,2,3,3
35,500,2094,2009000000000,4,1,3,2
35,500,2108,2009000000000,3,2,2,2
35,500,2115,2009000000000,2,1,2,3
35,500,2119,2009000000000,5,2,3,2
35,500,2125,2009000000000,1,2,2,1
35,500,2133,2009000000000,2,2,2,1
35,500,2136,2009000000000,4,2,5,3
35,500,2138,2009000000000,3,2,4,2
35,500,2141,2009000000000,5,1,3,3
35,500,2148,2009000000000,2,1,3,2
35,500,2153,2009000000000,3,2,3,1
35,500,2154,2009000000000,5,2,4,4
35,500,2158,2009000000000,5,1,3,3
35,500,2165,2009000000000,5,1,5,4
35,500,2166,2009000000000,4,1,4,3
35,500,2182,2009000000000,2,2,3,1
35,500,2184,2009000000000,2,2,5,3
35,500,2186,2009000000000,4,2,4,2
35,500,2189,2009000000000,4,2,4,3
35,500,2193,2009000000000,2,2,3,1
35,500,2194,2009000000000,5,2,4,1
35,500,2199,2009000000000,1,2,2,1
35,500,2201,2009000000000,3,1,4,3
35,500,2204,2009000000000,1,2,1,1
35,500,2207,2009000000000,4,2,3,1
35,500,2211,2009000000000,4,2,3,2
35,500,2215,2009000000000,3,2,4,2
35,500,2221,2009000000000,5,1,5,4
35,500,2226,2009000000000,5,1,3,3
35,500,2230,2009000000000,3,1,3,3
35,500,2235,2009000000000,3,2,3,1
35,500,2237,2009000000000,4,2,3,3
35,500,2241,2009000000000,5,1,3,2
35,500,2242,2009000000000,3,2,3,1
35,500,2244,2009000000000,3,2,2,2
35,500,2245,2009000000000,4,2,4,4
35,500,2254,2009000000000,4,2,3,1
35,500,2255,2009000000000,4,1,3,2
35,500,2261,2009000000000,5,2,4,2
35,500,2262,2009000000000,3,2,4,3
35,500,2276,2009000000000,4,2,5,2
35,500,2280,2009000000000,4,2,3,2
35,500,2282,2009000000000,3,2,4,3
35,500,2284,2009000000000,3,2,2,1
35,500,2287,2009000000000,4,2,3,2
35,500,2288,2009000000000,4,1,3,3
35,500,2290,2009000000000,5,2,3,3
35,500,2295,2009000000000,5,1,4,4
35,500,2313,2009000000000,3,2,4,3
35,500,2318,2009000000000,1,2,1,1
35,500,2320,2009000000000,4,1,4,2
35,500,2322,2009000000000,1,2,4,1
35,500,2331,2009000000000,5,2,3,1
35,500,2336,2009000000000,2,1,2,2
35,500,2337,2009000000000,2,2,3,2
35,500,2341,2009000000000,1,1,2,2
35,500,2352,2009000000000,1,2,3,1
35,500,2353,2009000000000,2,2,3,3
35,500,2364,2009000000000,4,1,4,2
35,500,2366,2009000000000,1,2,4,1
35,500,2374,2009000000000,5,2,3,2
35,500,2375,2009000000000,3,2,2,2
35,500,2379,2009000000000,1,2,1,2
35,500,2383,2009000000000,2,1,4,2
35,500,2386,2009000000000,4,2,3,2
35,500,2388,2009000000000,4,2,4,3
35,500,2390,2009000000000,4,2,5,3
35,500,2397,2009000000000,1,2,2,2
35,500,2401,2009000000000,4,1,3,2
35,500,2406,2009000000000,5,2,4,3
35,500,2407,2009000000000,4,1,4,3
35,500,2411,2009000000000,5,1,5,4
35,500,2416,2009000000000,2,2,3,2
35,500,2417,2009000000000,1,1,3,1
35,500,2431,2009000000000,4,1,3,3
35,500,2436,2009000000000,4,2,3,2
35,500,2452,2009000000000,4,2,1,2
35,500,2456,2009000000000,3,1,2,3
35,500,2457,2009000000000,2,2,2,2
35,500,2459,2009000000000,1,2,3,1
35,500,2460,2009000000000,1,1,1,2
35,500,2463,2009000000000,1,2,3,2
35,500,2472,2009000000000,1,2,2,1
35,500,2485,2009000000000,5,2,3,2
35,500,2489,2009000000000,2,2,3,1
35,500,2490,2009000000000,4,2,3,2
35,500,2492,2009000000000,2,2,2,1
35,500,2494,2009000000000,2,2,3,1
35,500,2496,2009000000000,2,2,1,1
35,500,2498,2009000000000,2,2,3,2
35,500,2504,2009000000000,2,2,2,2
35,500,2507,2009000000000,3,1,3,2
35,500,2517,2009000000000,2,1,3,2
35,500,2518,2009000000000,3,2,3,3
35,500,2520,2009000000000,2,2,3,1
35,500,2531,2009000000000,4,2,3,2
35,500,2533,2009000000000,5,2,4,4
35,500,2535,2009000000000,3,1,5,3
35,500,2555,2009000000000,5,2,5,3
35,500,2559,2009000000000,1,2,3,2
35,500,2561,2009000000000,1,2,2,2
35,500,2564,2009000000000,1,2,2,1
35,500,2570,2009000000000,3,2,2,1
35,500,2571,2009000000000,3,1,1,2
35,500,2574,2009000000000,1,2,2,1
35,500,2576,2009000000000,3,1,3,3
35,500,2577,2009000000000,3,2,3,2
35,500,2591,2009000000000,3,2,5,3
35,500,2595,2009000000000,4,2,3,3
35,500,2600,2009000000000,4,2,3,3
35,500,2601,2009000000000,2,2,2,1
35,500,2612,2009000000000,3,2,4,3
35,500,2618,2009000000000,2,2,2,2
35,500,2619,2009000000000,4,2,3,4
35,500,2623,2009000000000,5,2,3,3
35,500,2625,2009000000000,4,2,2,2
35,500,2627,2009000000000,3,2,2,2
35,500,2633,2009000000000,2,1,4,3
35,500,2638,2009000000000,2,1,3,2
35,500,2640,2009000000000,4,1,5,3
35,500,2642,2009000000000,4,1,4,1
35,500,2643,2009000000000,3,2,3,2
35,500,2650,2009000000000,1,2,2,2
35,500,2654,2009000000000,4,2,1,1
35,500,2656,2009000000000,4,1,3,2
35,500,2661,2009000000000,5,2,3,2
35,500,2662,2009000000000,4,2,2,2
35,500,2663,2009000000000,4,1,3,3
35,500,2665,2009000000000,1,2,2,1
35,500,2668,2009000000000,2,2,3,3
35,500,2669,2009000000000,2,1,4,3
35,500,2673,2009000000000,4,2,2,2
35,500,2677,2009000000000,3,1,3,3
35,500,2678,2009000000000,5,2,2,2
35,500,2679,2009000000000,3,2,5,1
35,500,2686,2009000000000,4,2,2,2
35,500,2698,2009000000000,3,1,3,3
35,500,2700,2009000000000,3,1,3,3
35,500,2701,2009000000000,2,2,3,2
35,500,2708,2009000000000,2,1,2,2
35,500,2712,2009000000000,2,2,2,1
35,500,2714,2009000000000,2,2,2,1
35,500,2717,2009000000000,1,2,2,1
35,500,2731,2009000000000,4,2,3,3
35,500,2732,2009000000000,2,2,2,3
35,500,2737,2009000000000,5,2,4,3
35,500,2744,2009000000000,3,2,3,3
35,500,2745,2009000000000,4,2,1,4
35,500,2748,2009000000000,2,2,3,2
35,500,2750,2009000000000,3,2,4,1
35,500,2751,2009000000000,4,2,4,1
35,500,2752,2009000000000,1,2,1,1
35,500,2755,2009000000000,4,2,3,2
35,500,2756,2009000000000,3,2,2,2
35,500,2760,2009000000000,3,2,3,3
35,500,2781,2009000000000,1,2,2,1
35,500,2782,2009000000000,1,2,2,1
35,500,2783,2009000000000,2,2,4,1
35,500,2790,2009000000000,5,2,4,4
35,500,2791,2009000000000,5,2,4,3
35,500,2796,2009000000000,4,1,3,3
35,500,2798,2009000000000,2,1,5,2
35,500,2801,2009000000000,2,1,4,3
35,500,2802,2009000000000,3,2,3,2
35,500,2810,2009000000000,2,2,3,2
35,500,2813,2009000000000,3,1,3,3
35,500,2815,2009000000000,3,1,2,2
35,500,2816,2009000000000,5,1,5,3
35,500,2817,2009000000000,4,2,2,2
35,500,2821,2009000000000,3,1,3,3
35,500,2826,2009000000000,3,2,2,1
35,500,2837,2009000000000,3,1,3,3
35,500,2840,2009000000000,5,2,3,2
35,500,2841,2009000000000,2,1,3,2
35,500,2843,2009000000000,3,2,2,3
35,500,2845,2009000000000,1,2,2,1
35,500,2852,2009000000000,2,1,2,2
35,500,2853,2009000000000,2,2,2,2
35,500,2854,2009000000000,2,1,4,3
35,500,2862,2009000000000,5,2,5,4
35,500,2867,2009000000000,3,1,3,2
35,500,2874,2009000000000,4,2,3,1
35,500,2876,2009000000000,1,1,2,2
35,500,2879,2009000000000,4,2,4,1
35,500,2886,2009000000000,1,1,2,2
35,500,2887,2009000000000,4,1,4,4
35,500,2896,2009000000000,2,1,5,3
35,500,2898,2009000000000,3,2,4,2
35,500,2899,2009000000000,3,1,2,2
35,500,2900,2009000000000,2,2,2,1
35,500,2902,2009000000000,4,1,3,3
35,500,2904,2009000000000,4,1,3,3
35,500,2907,2009000000000,2,1,3,2
35,500,2909,2009000000000,2,1,3,3
35,500,2912,2009000000000,4,2,4,2
35,500,2916,2009000000000,5,2,3,3
35,500,2917,2009000000000,5,1,3,3
35,500,2924,2009000000000,4,2,3,2
35,500,2931,2009000000000,4,1,4,3
35,500,2933,2009000000000,3,2,5,3
35,500,2939,2009000000000,2,2,3,2
35,500,2944,2009000000000,2,2,1,1
35,500,2945,2009000000000,2,2,3,2
35,500,2976,2009000000000,2,2,3,2
35,500,2980,2009000000000,5,1,2,3
35,500,2983,2009000000000,5,2,2,1
35,500,2985,2009000000000,2,1,4,2
35,500,2987,2009000000000,5,1,5,4
35,500,2989,2009000000000,4,1,5,1
35,500,2991,2009000000000,3,2,2,1
35,500,3008,2009000000000,5,2,3,3
35,500,3010,2009000000000,4,1,3,2
35,500,3013,2009000000000,4,2,5,2
35,500,3016,2009000000000,4,1,4,3
35,500,3019,2009000000000,2,1,3,1
35,500,3023,2009000000000,2,2,2,1
35,500,3024,2009000000000,3,1,4,2
35,500,3028,2009000000000,4,2,3,3
35,500,3034,2009000000000,2,1,3,2
35,500,3038,2009000000000,2,2,4,3
35,500,3043,2009000000000,3,1,4,3
35,500,3044,2009000000000,4,1,4,4
35,500,3046,2009000000000,5,2,4,2
35,500,3047,2009000000000,3,1,4,3
35,500,3050,2009000000000,1,1,3,2
35,500,3055,2009000000000,3,1,3,2
35,500,3059,2009000000000,5,2,4,3
35,500,3060,2009000000000,1,1,3,1
35,500,3062,2009000000000,4,2,4,2
35,500,3066,2009000000000,4,2,4,4
35,500,3067,2009000000000,5,2,3,1
35,500,3072,2009000000000,4,2,3,3
35,500,3074,2009000000000,5,2,5,4
35,500,3078,2009000000000,5,2,5,4
35,500,3079,2009000000000,3,1,4,3
35,500,3096,2009000000000,1,2,2,1
35,500,3098,2009000000000,5,2,4,2
35,500,3101,2009000000000,4,2,3,2
35,500,3104,2009000000000,4,1,3,3
35,500,3108,2009000000000,2,2,2,2
35,500,3116,2009000000000,3,1,4,2
35,500,3117,2009000000000,1,1,4,1
35,500,3119,2009000000000,4,1,4,4
35,500,3120,2009000000000,1,2,3,1
35,500,3121,2009000000000,4,2,5,4
35,500,3129,2009000000000,5,2,5,3
35,500,3136,2009000000000,2,2,2,3
35,500,3137,2009000000000,2,1,2,2
35,500,3144,2009000000000,1,1,3,2
35,500,3149,2010000000000,2,2,2,2
35,500,3154,2010000000000,2,2,2,1
35,500,3159,2010000000000,3,1,3,3
35,500,3160,2010000000000,2,2,3,2
35,500,3166,2010000000000,4,1,3,3
35,500,3171,2010000000000,3,2,2,2
35,500,3173,2010000000000,5,2,3,2
35,500,3174,2010000000000,3,2,3,3
35,500,3177,2010000000000,3,2,4,1
35,500,3190,2010000000000,5,2,3,2
35,500,3194,2010000000000,4,2,3,3
35,500,3195,2010000000000,5,2,4,1
35,500,3196,2010000000000,1,2,3,1
35,500,3198,2010000000000,5,2,3,3
35,500,3201,2010000000000,1,2,2,1
35,500,3223,2010000000000,4,2,5,3
35,500,3228,2010000000000,1,2,2,1
35,500,3232,2010000000000,4,2,3,3
35,500,3234,2010000000000,3,2,3,2
35,500,3236,2010000000000,4,1,3,2
35,500,3237,2010000000000,2,2,3,2
35,500,3245,2010000000000,4,2,1,2
35,500,3246,2010000000000,1,2,3,1
35,500,3251,2010000000000,2,2,3,1
35,500,3262,2010000000000,3,2,3,2
35,500,3266,2010000000000,2,1,2,2
35,500,3268,2010000000000,1,1,2,1
35,500,3271,2010000000000,3,2,3,1
35,500,3281,2010000000000,2,2,3,2
35,500,3293,2010000000000,4,2,3,3
35,500,3305,2010000000000,2,2,2,2
35,500,3308,2010000000000,4,2,2,3
35,500,3313,2010000000000,4,1,2,3
35,500,3315,2010000000000,3,2,1,2
35,500,3320,2010000000000,1,2,2,1
35,500,3321,2010000000000,2,2,2,1
35,500,3322,2010000000000,2,1,2,1
35,500,3324,2010000000000,5,1,5,4
35,500,3327,2010000000000,3,1,2,2
35,500,3330,2010000000000,1,2,2,1
35,500,3332,2010000000000,2,2,1,2
35,500,3334,2010000000000,3,2,4,3
35,500,3336,2010000000000,1,2,3,1
35,500,3339,2010000000000,4,1,2,3
35,500,3347,2010000000000,3,2,2,2
35,500,3349,2010000000000,5,1,4,4
35,500,3353,2010000000000,2,1,1,2
35,500,3357,2010000000000,2,1,2,2
35,500,3361,2010000000000,1,1,2,1
35,500,3368,2010000000000,3,2,3,2
35,500,3372,2010000000000,1,1,3,2
35,500,3382,2010000000000,5,1,3,3
35,500,3383,2010000000000,1,2,2,2
35,500,3386,2010000000000,3,1,4,2
35,500,3391,2010000000000,2,2,3,3
35,500,3393,2010000000000,4,2,4,3
35,500,3395,2010000000000,3,1,3,2
35,500,3397,2010000000000,4,2,3,1
35,500,3402,2010000000000,5,1,3,3
35,500,3412,2010000000000,4,2,5,2
35,500,3418,2010000000000,5,2,3,4
35,500,3419,2010000000000,2,1,3,2
35,500,3421,2010000000000,2,2,2,3
35,500,3423,2010000000000,4,1,3,4
35,500,3424,2010000000000,5,1,2,2
35,500,3426,2010000000000,1,2,3,1
35,500,3428,2010000000000,4,1,4,3
35,500,3429,2010000000000,1,2,1,2
35,500,3430,2010000000000,2,2,4,1
35,500,3433,2010000000000,4,2,2,2
35,500,3436,2010000000000,4,1,4,2
35,500,3437,2010000000000,4,2,3,1
35,500,3439,2010000000000,2,2,2,2
35,500,3441,2010000000000,5,2,5,4
35,500,3443,2010000000000,2,2,3,2
35,500,3444,2010000000000,5,1,4,3
35,500,3447,2010000000000,2,1,3,2
35,500,3450,2010000000000,3,1,3,3
35,500,3451,2010000000000,3,2,4,2
35,500,3468,2010000000000,4,2,4,3
35,500,3470,2010000000000,3,1,3,3
35,500,3473,2010000000000,4,1,3,3
35,500,3474,2010000000000,5,2,2,1
35,500,3475,2010000000000,4,1,5,3
35,500,3477,2010000000000,4,2,3,3
35,500,3481,2010000000000,3,2,2,1
35,500,3484,2010000000000,4,1,3,3
35,500,3487,2010000000000,5,1,3,3
35,500,3491,2010000000000,1,2,3,2
35,500,3507,2010000000000,1,1,2,1
35,500,3509,2010000000000,2,2,2,1
35,500,3510,2010000000000,5,2,3,3
35,500,3523,2010000000000,2,1,1,2
35,500,3531,2010000000000,3,1,3,2
35,500,3532,2010000000000,4,1,3,3
35,500,3534,2010000000000,3,1,4,3
35,500,3537,2010000000000,5,1,5,4
35,500,3540,2010000000000,2,1,2,2
35,500,3546,2010000000000,4,2,3,3
35,500,3551,2010000000000,5,2,5,4
35,500,3552,2010000000000,1,2,3,2
35,500,3557,2010000000000,2,1,3,2
35,500,3561,2010000000000,3,2,2,1
35,500,3567,2010000000000,5,2,4,2
35,500,3572,2010000000000,4,2,3,1
35,500,3578,2010000000000,3,1,3,1
35,500,3579,2010000000000,4,2,3,2
35,500,3581,2010000000000,1,2,2,1
35,500,3584,2010000000000,4,2,2,2
35,500,3588,2010000000000,5,2,3,1
35,500,3594,2010000000000,4,2,2,2
35,500,3595,2010000000000,4,1,5,2
35,500,3606,2010000000000,2,2,2,3
35,500,3610,2010000000000,2,2,2,1
35,500,3612,2010000000000,1,2,3,2
35,500,3614,2010000000000,4,1,3,2
35,500,3617,2010000000000,1,1,1,1
35,500,3618,2010000000000,2,2,3,1
35,500,3619,2010000000000,2,2,2,1
35,500,3621,2010000000000,4,1,3,3
35,500,3622,2010000000000,1,1,5,2
35,500,3624,2010000000000,3,2,3,1
35,500,3625,2010000000000,4,1,4,4
35,500,3628,2010000000000,2,2,3,1
35,500,3629,2010000000000,1,2,1,1
35,500,3631,2010000000000,4,2,3,2
35,500,3632,2010000000000,5,2,3,2
35,500,3633,2010000000000,2,2,3,2
35,500,3637,2010000000000,5,1,3,3
35,500,3647,2010000000000,5,2,3,3
35,500,3651,2010000000000,4,2,3,1
35,500,3658,2010000000000,3,2,2,1
35,500,3664,2010000000000,2,2,3,1
35,500,3667,2010000000000,2,2,3,2
35,500,3669,2010000000000,4,1,3,3
35,500,3677,2010000000000,3,1,4,2
35,500,3679,2010000000000,4,2,3,2
35,500,3684,2010000000000,5,1,4,3
35,500,3685,2010000000000,1,2,3,2
35,500,3703,2010000000000,3,1,2,2
35,500,3704,2010000000000,2,1,3,2
35,500,3705,2010000000000,1,2,1,1
35,500,3706,2010000000000,3,1,5,2
35,500,3713,2010000000000,1,2,3,2
35,500,3721,2010000000000,3,1,2,3
35,500,3725,2010000000000,2,1,4,2
35,500,3727,2010000000000,1,1,2,2
35,500,3735,2010000000000,4,2,3,3
35,500,3737,2010000000000,3,2,3,2
35,500,3749,2010000000000,4,2,4,2
35,500,3752,2010000000000,4,2,3,2
35,500,3753,2010000000000,1,2,3,2
35,500,3754,2010000000000,4,2,2,1
35,500,3758,2010000000000,1,1,2,1
35,500,3759,2010000000000,1,2,3,1
35,500,3762,2010000000000,4,2,3,2
35,500,3763,2010000000000,1,1,3,3
35,500,3766,2010000000000,4,2,5,3
35,500,3769,2010000000000,1,1,3,1
35,500,3770,2010000000000,4,1,4,2
35,500,3774,2010000000000,2,1,2,1
35,500,3784,2010000000000,5,2,3,2
35,500,3792,2010000000000,4,1,3,3
35,500,3798,2010000000000,5,1,5,2
35,500,3801,2010000000000,3,2,4,2
35,500,3803,2010000000000,5,1,3,3
35,500,3805,2010000000000,4,2,3,1
35,500,3810,2010000000000,4,2,3,2
35,500,3818,2010000000000,2,1,2,2
35,500,3821,2010000000000,2,2,3,2
35,500,3822,2010000000000,3,1,2,2
35,500,3823,2010000000000,2,2,2,1
35,500,3826,2010000000000,4,1,5,2
35,500,3833,2010000000000,2,1,2,2
35,500,3835,2010000000000,2,1,3,1
35,500,3837,2010000000000,3,2,3,1
35,500,3839,2010000000000,2,2,3,2
35,500,3842,2010000000000,2,1,2,2
35,500,3845,2010000000000,4,1,3,3
35,500,3847,2010000000000,3,2,2,2
35,500,3850,2010000000000,2,2,3,2
35,500,3853,2010000000000,1,2,4,1
35,500,3855,2010000000000,5,2,3,3
35,500,3859,2010000000000,4,2,5,3
35,500,3863,2010000000000,3,1,4,3
35,500,3870,2010000000000,3,2,3,2
35,500,3876,2010000000000,4,1,3,3
35,500,3877,2010000000000,2,2,2,2
35,500,3879,2010000000000,4,2,3,2
35,500,3881,2010000000000,5,2,2,1
35,500,3882,2010000000000,3,1,2,2
35,500,3888,2010000000000,1,2,4,1
35,500,3889,2010000000000,5,1,5,3
35,500,3891,2010000000000,2,1,5,2
35,500,3896,2010000000000,4,1,4,3
35,500,3899,2010000000000,5,2,3,3
35,500,3906,2010000000000,2,2,4,2
35,500,3913,2010000000000,2,1,4,2
35,500,3916,2010000000000,5,2,3,2
35,500,3918,2010000000000,4,2,3,3
35,500,3922,2010000000000,3,2,3,1
35,500,3925,2010000000000,2,1,3,2
35,500,3926,2010000000000,4,2,2,2
35,500,3930,2010000000000,3,1,4,2
35,500,3931,2010000000000,5,2,1,1
35,500,3936,2010000000000,4,1,3,2
35,500,3945,2010000000000,4,2,2,1
35,500,3948,2010000000000,4,2,2,2
35,500,3952,2010000000000,3,2,3,1
35,500,3953,2010000000000,5,1,4,3
35,500,3956,2010000000000,5,2,3,2
35,500,3958,2010000000000,3,2,2,3
35,500,3960,2010000000000,2,1,4,3
35,500,3965,2010000000000,1,1,3,1
35,500,3969,2010000000000,4,2,2,2
35,500,3970,2010000000000,2,2,2,2
35,500,3974,2010000000000,3,2,3,1
35,500,3976,2010000000000,2,2,2,1
35,500,3978,2010000000000,4,2,3,2
35,500,3980,2010000000000,5,2,2,1
35,500,3983,2010000000000,2,2,2,2
35,500,3986,2010000000000,3,2,2,2
35,500,3994,2010000000000,2,2,3,1
35,500,3999,2010000000000,5,1,3,2
35,500,4000,2010000000000,1,2,3,1
35,500,4001,2010000000000,3,2,4,1
35,500,4005,2010000000000,2,1,3,2
35,500,4010,2010000000000,2,2,4,3
35,500,4019,2010000000000,3,1,1,3
35,500,4022,2010000000000,5,2,3,3
35,500,4023,2010000000000,4,1,5,2
35,500,4029,2010000000000,5,2,4,2
35,500,4033,2010000000000,2,2,3,1
35,500,4034,2010000000000,2,2,3,1
35,500,4039,2010000000000,5,1,5,3
35,500,4042,2010000000000,4,2,4,2
35,500,4043,2010000000000,5,2,5,3
35,500,4051,2010000000000,1,2,2,2
35,500,4052,2010000000000,1,2,3,1
35,500,4053,2010000000000,2,2,2,1
35,500,4055,2010000000000,3,2,2,2
35,500,4058,2010000000000,3,2,4,3
35,500,4067,2010000000000,5,1,2,2
35,500,4088,2010000000000,5,2,5,3
35,500,4094,2010000000000,4,2,3,1
35,500,4099,2010000000000,5,1,3,3
35,500,4100,2010000000000,3,2,3,2
35,500,4108,2010000000000,1,2,4,1
35,500,4117,2010000000000,2,1,3,3
35,500,4118,2010000000000,3,1,2,3
35,500,4119,2010000000000,1,2,2,1
35,500,4120,2010000000000,3,2,2,1
35,500,4128,2010000000000,1,2,2,1
35,500,4131,2010000000000,4,2,4,3
35,500,4132,2010000000000,4,1,4,3
35,500,4135,2010000000000,3,2,3,2
35,500,4136,2010000000000,3,2,3,3
35,500,4138,2010000000000,1,2,3,3
35,500,4141,2010000000000,4,2,4,1
35,500,4143,2010000000000,1,2,3,1
35,500,4145,2010000000000,1,2,2,1
35,500,4152,2010000000000,2,1,5,2
35,500,4167,2010000000000,5,1,3,3
35,500,4168,2010000000000,2,2,2,2
35,500,4170,2010000000000,4,2,3,3
35,500,4172,2010000000000,5,1,3,2
35,500,4179,2010000000000,1,2,2,1
35,500,4182,2010000000000,3,2,5,4
35,500,4185,2010000000000,4,2,2,3
35,500,4189,2010000000000,5,1,5,3
35,500,4192,2010000000000,5,2,5,3
35,500,4200,2010000000000,3,2,4,2
35,500,4201,2010000000000,3,2,3,1
35,500,4216,2010000000000,4,1,3,2
35,500,4223,2010000000000,4,1,4,3
35,500,4224,2010000000000,5,2,4,3
35,500,4225,2010000000000,4,1,4,3
35,500,4229,2010000000000,2,2,2,2
35,500,4236,2010000000000,1,2,3,2
35,500,4240,2010000000000,3,1,4,3
35,500,4242,2010000000000,4,1,4,4
35,500,4245,2010000000000,1,2,1,1
35,500,4247,2010000000000,1,2,2,1
35,500,4251,2010000000000,1,2,1,1
35,500,4254,2010000000000,2,2,3,2
35,500,4261,2010000000000,3,2,2,2
35,500,4262,2010000000000,2,1,2,3
35,500,4263,2010000000000,4,2,5,3
35,500,4264,2010000000000,3,2,2,2
35,500,4273,2010000000000,3,1,4,3
35,500,4279,2010000000000,2,2,2,1
35,500,4280,2010000000000,4,2,3,1
35,500,4284,2010000000000,5,2,4,4
35,500,4285,2010000000000,3,2,3,3
35,500,4286,2010000000000,2,1,3,3
35,500,4288,2010000000000,1,2,2,1
35,500,4296,2010000000000,5,2,3,2
35,500,4297,2010000000000,5,1,2,2
35,500,4300,2010000000000,2,1,4,2
35,500,4302,2010000000000,1,2,2,1
35,500,4310,2010000000000,3,2,2,3
35,500,4315,2010000000000,4,1,4,3
35,500,4319,2010000000000,1,1,2,2
35,500,4324,2010000000000,4,2,5,1
35,500,4325,2010000000000,3,2,2,2
35,500,4326,2010000000000,3,2,4,2
35,500,4328,2010000000000,1,2,2,2
35,500,4331,2010000000000,1,2,4,2
35,500,4334,2010000000000,5,1,5,4
35,500,4337,2010000000000,1,1,2,1
35,500,4350,2010000000000,4,2,4,1
35,500,4354,2010000000000,4,2,5,3
35,500,4356,2010000000000,4,1,3,2
35,500,4358,2010000000000,3,2,4,3
35,500,4359,2010000000000,2,2,2,2
35,500,4362,2010000000000,3,2,3,2
35,500,4363,2010000000000,3,2,2,1
35,500,4364,2010000000000,5,2,3,1
35,500,4370,2010000000000,2,1,3,2
35,500,4378,2010000000000,4,1,5,4
35,500,4379,2010000000000,2,1,2,2
35,500,4380,2010000000000,1,2,2,1
35,500,4391,2010000000000,1,2,1,2
35,500,4393,2010000000000,2,2,4,3
35,500,4402,2010000000000,5,1,5,4
35,500,4407,2010000000000,4,2,4,3
35,500,4409,2010000000000,3,1,4,2
35,500,4412,2010000000000,4,1,3,3
35,500,4414,2010000000000,4,1,4,3
35,500,4415,2010000000000,1,2,1,2
35,500,4416,2010000000000,4,1,3,2
35,500,4419,2010000000000,2,2,2,2
35,500,4424,2010000000000,5,2,2,1
35,500,4426,2010000000000,4,1,4,3
35,500,4427,2010000000000,3,1,4,2
35,500,4430,2010000000000,2,1,3,2
35,500,4437,2010000000000,4,2,2,3
35,500,4441,2010000000000,2,1,3,2
35,500,4443,2010000000000,1,2,2,1
35,500,4446,2010000000000,2,2,2,2
35,500,4447,2010000000000,4,2,4,2
35,500,4449,2010000000000,5,2,4,3
35,500,4450,2010000000000,1,2,3,3
35,500,4455,2010000000000,5,2,3,3
35,500,4465,2010000000000,3,2,4,2
35,500,4467,2010000000000,1,2,2,1
35,500,4473,2010000000000,5,2,5,2
35,500,4485,2010000000000,4,2,4,4
35,500,4486,2010000000000,1,2,2,2
35,500,4501,2010000000000,5,2,5,4
35,500,4502,2010000000000,1,2,3,1
35,500,4505,2010000000000,5,1,3,3
35,500,4506,2010000000000,3,2,2,1
35,500,4510,2010000000000,5,1,4,3
35,500,4511,2010000000000,5,2,4,4
35,500,4512,2010000000000,2,2,3,1
35,500,4516,2010000000000,2,2,3,1
35,500,4520,2010000000000,5,2,3,1
35,500,4523,2010000000000,4,1,1,2
35,500,4525,2010000000000,5,2,4,2
35,500,4532,2010000000000,3,2,2,1
35,500,4534,2010000000000,3,2,5,3
35,500,4535,2010000000000,5,2,4,3
35,500,4536,2010000000000,1,1,2,2
35,500,4538,2010000000000,4,2,2,2
35,500,4541,2010000000000,3,2,4,1
35,500,4548,2010000000000,1,2,4,1
35,500,4560,2010000000000,4,1,2,3
35,500,4561,2010000000000,4,2,3,3
35,500,4565,2010000000000,3,2,4,2
35,500,4570,2010000000000,4,2,3,2
35,500,4572,2010000000000,3,1,3,2
35,500,4576,2010000000000,4,1,3,2
35,500,4578,2010000000000,4,2,3,2
35,500,4583,2010000000000,4,2,4,3
35,500,4588,2010000000000,5,2,3,3
35,500,4591,2010000000000,2,1,3,3
35,500,4594,2010000000000,5,2,4,3
35,500,4597,2010000000000,4,1,4,2
35,500,4598,2010000000000,4,2,4,3
35,500,4600,2010000000000,3,1,5,4
35,500,4608,2010000000000,5,1,3,3
35,500,4611,2010000000000,1,2,2,1
35,500,4612,2010000000000,4,1,4,3
35,500,4615,2010000000000,4,2,4,2
35,500,4617,2010000000000,1,1,4,1
35,500,4618,2010000000000,2,2,3,2
35,500,4619,2010000000000,2,2,2,1
35,500,4632,2010000000000,1,2,3,1
35,500,4641,2010000000000,2,2,2,2
35,500,4642,2010000000000,2,2,3,1
35,500,4644,2010000000000,3,2,4,1
35,500,4651,2010000000000,4,1,3,3
35,500,4661,2010000000000,1,2,3,1
35,500,4663,2010000000000,2,2,2,1
35,500,4664,2010000000000,2,2,4,1
35,500,4673,2010000000000,2,2,3,2
35,500,4678,2010000000000,4,1,1,3
35,500,4688,2010000000000,3,2,3,2
35,500,4690,2010000000000,2,2,2,1
35,500,4693,2010000000000,1,1,2,2
35,500,4707,2010000000000,1,2,4,1
35,500,4714,2010000000000,3,1,3,3
35,500,4715,2010000000000,4,1,3,2
35,500,4719,2010000000000,2,1,1,1
35,500,4722,2010000000000,4,2,3,2
35,500,4727,2010000000000,5,2,5,4
35,500,4737,2010000000000,4,1,4,3
35,500,4738,2010000000000,5,1,5,4
35,500,4743,2010000000000,4,1,3,2
35,500,4747,2010000000000,3,2,2,2
35,500,4748,2010000000000,4,1,3,3
35,500,4749,2010000000000,3,2,2,1
35,500,4752,2010000000000,2,1,2,2
35,500,4754,2010000000000,5,2,4,2
35,500,4756,2010000000000,2,2,2,1
35,500,4762,2010000000000,4,1,3,3
35,500,4769,2010000000000,1,1,3,2
35,500,4783,2010000000000,2,1,4,2
35,500,4785,2010000000000,4,2,3,3
35,500,4788,2010000000000,4,1,3,3
35,500,4790,2010000000000,4,1,3,3
35,500,4791,2010000000000,1,1,3,2
35,500,4802,2010000000000,1,1,2,2
35,500,4803,2010000000000,2,2,2,2
35,500,4804,2010000000000,4,1,3,3
35,500,4811,2010000000000,3,2,3,2
35,500,4816,2010000000000,1,2,1,1
35,500,4829,2010000000000,5,2,5,4
35,500,4831,2010000000000,2,1,3,2
35,500,4837,2010000000000,2,2,2,2
35,500,4845,2010000000000,4,1,4,4
35,500,4846,2010000000000,1,2,3,2
35,500,4847,2010000000000,4,1,2,3
35,500,4849,2010000000000,5,1,4,3
35,500,4850,2010000000000,2,2,2,2
35,500,4856,2010000000000,1,1,2,1
35,500,4857,2010000000000,5,2,3,3
35,500,4866,2010000000000,3,2,2,2
35,500,4867,2010000000000,3,2,2,2
35,500,4870,2010000000000,5,1,3,2
35,500,4872,2010000000000,3,2,3,1
35,500,4874,2010000000000,4,1,3,3
35,500,4881,2010000000000,4,1,2,3
35,500,4882,2010000000000,4,2,5,2
35,500,4884,2010000000000,1,1,2,1
35,500,4888,2010000000000,1,2,3,2
35,500,4889,2010000000000,5,1,5,3
35,500,4891,2010000000000,2,1,4,2
35,500,4895,2010000000000,3,2,2,2
35,500,4897,2010000000000,2,1,3,2
35,500,4900,2010000000000,2,2,3,2
35,500,4906,2010000000000,2,2,2,2
35,500,4913,2010000000000,2,1,3,2
35,500,4916,2010000000000,3,2,2,2
35,500,4918,2010000000000,3,2,4,1
35,500,4920,2010000000000,4,2,5,3
35,500,4922,2010000000000,2,2,1,1
35,500,4924,2010000000000,3,2,3,2
35,500,4935,2010000000000,1,1,2,2
35,500,4937,2010000000000,3,2,3,2
35,500,4942,2010000000000,2,2,3,3
35,500,4946,2010000000000,2,2,3,2
35,500,4949,2010000000000,2,2,2,1
35,500,4953,2010000000000,5,2,4,2
35,500,4954,2010000000000,4,2,5,3
35,500,4955,2010000000000,5,1,4,3
35,500,4957,2010000000000,3,2,5,1
35,500,4958,2010000000000,4,2,4,2
35,500,4962,2010000000000,1,2,3,1
35,500,4964,2010000000000,3,1,5,1
35,500,4967,2010000000000,2,2,2,1
35,500,4972,2010000000000,2,2,2,1
35,500,4974,2010000000000,3,1,4,3
35,500,4979,2010000000000,5,1,5,4
35,500,4989,2010000000000,3,1,2,2
35,500,4996,2010000000000,1,2,2,1
35,500,4999,2010000000000,4,2,3,2
35,500,5002,2010000000000,4,2,3,1
35,500,5004,2010000000000,5,2,4,3
35,500,5010,2010000000000,4,2,3,2
35,500,5012,2010000000000,5,2,5,2
35,500,5014,2010000000000,3,2,4,2
35,500,5021,2010000000000,1,1,3,2
35,500,5027,2010000000000,3,2,3,1
35,500,5029,2010000000000,2,1,3,2
35,500,5031,2010000000000,1,2,2,2
35,500,5037,2010000000000,4,2,2,2
35,500,5039,2010000000000,2,2,2,2
35,500,5041,2010000000000,1,2,2,1
35,500,5047,2010000000000,3,2,3,2
35,500,5052,2010000000000,1,1,2,2
35,500,5054,2010000000000,3,2,3,1
35,500,5057,2010000000000,4,2,2,1
35,500,5062,2010000000000,1,2,2,1
35,500,5066,2010000000000,5,1,5,3
35,500,5068,2010000000000,4,2,3,2
35,500,5069,2010000000000,1,2,1,1
35,500,5070,2010000000000,5,1,3,3
35,500,5079,2010000000000,2,2,2,1
35,500,5080,2010000000000,4,2,2,1
35,500,5084,2010000000000,3,2,3,2
35,500,5085,2010000000000,2,2,4,2
35,500,5101,2010000000000,1,1,3,3
35,500,5107,2010000000000,4,2,3,2
35,500,5108,2010000000000,1,2,5,2
35,500,5112,2010000000000,4,2,4,3
35,500,5115,2010000000000,4,2,5,3
35,500,5122,2010000000000,3,1,3,2
35,500,5123,2010000000000,1,1,3,1
35,500,5126,2010000000000,1,2,2,1
35,500,5130,2010000000000,2,1,3,2
35,500,5131,2010000000000,4,2,3,2
35,500,5132,2010000000000,4,2,5,3
35,500,5145,2010000000000,3,2,2,2
35,500,5149,2010000000000,3,1,3,2
35,500,5151,2010000000000,2,2,3,1
35,500,5158,2010000000000,4,2,5,4
35,500,5159,2010000000000,5,2,3,2
35,500,5161,2010000000000,4,2,4,4
35,500,5163,2010000000000,1,2,3,1
35,500,5165,2010000000000,2,2,2,1
35,500,5170,2010000000000,1,1,3,2
35,500,5176,2010000000000,4,2,5,3
35,500,5179,2010000000000,3,2,4,2
35,500,5182,2010000000000,5,2,4,1
35,500,5186,2010000000000,5,1,2,2
35,500,5200,2010000000000,1,2,2,2
35,500,5210,2010000000000,1,2,2,2
35,500,5211,2010000000000,2,2,2,3
35,500,5222,2010000000000,2,1,2,2
35,500,5225,2010000000000,2,2,2,2
35,500,5230,2010000000000,2,2,3,3
35,500,5233,2010000000000,3,1,4,2
35,500,5239,2010000000000,1,1,1,1
35,500,5249,2010000000000,2,1,2,2
35,500,5260,2010000000000,1,2,2,1
35,500,5263,2010000000000,2,2,3,3
35,500,5264,2010000000000,1,2,1,1
35,500,5270,2010000000000,4,1,5,2
35,500,5271,2010000000000,1,2,3,1
35,500,5276,2010000000000,3,2,2,2
35,500,5279,2010000000000,4,1,5,3
35,500,5280,2010000000000,4,2,4,3
35,500,5282,2010000000000,4,2,5,3
35,500,5286,2010000000000,3,2,5,2
35,500,5289,2010000000000,3,2,3,3
35,500,5292,2010000000000,2,2,2,2
35,500,5293,2010000000000,1,2,2,1
35,500,5296,2010000000000,2,2,3,2
35,500,5297,2010000000000,2,1,3,2
35,500,5302,2010000000000,3,2,3,3
35,500,5308,2010000000000,4,1,3,2
35,500,5309,2010000000000,1,2,3,2
35,500,5315,2010000000000,4,1,3,2
35,500,5322,2010000000000,1,1,3,3
35,500,5326,2010000000000,3,2,3,3
35,500,5328,2010000000000,4,2,3,3
35,500,5330,2010000000000,4,2,4,2
35,500,5331,2010000000000,5,1,4,3
35,500,5333,2010000000000,2,2,2,2
35,500,5336,2010000000000,1,2,2,2
35,500,5344,2010000000000,5,2,3,1
35,500,5347,2010000000000,1,2,2,1
35,500,5354,2010000000000,3,2,5,1
35,500,5356,2010000000000,2,2,5,2
35,500,5359,2010000000000,5,2,3,1
35,500,5365,2010000000000,4,1,4,2
35,500,5368,2010000000000,4,1,2,3
35,500,5381,2010000000000,3,1,4,2
35,500,5382,2010000000000,2,2,4,1
35,500,5383,2010000000000,5,2,3,1
35,500,5388,2010000000000,4,2,5,4
35,500,5390,2010000000000,2,1,3,2
35,500,5391,2010000000000,4,2,3,2
35,500,5404,2010000000000,5,1,4,3
35,500,5410,2010000000000,1,1,1,1
35,500,5411,2010000000000,5,2,3,3
35,500,5417,2010000000000,1,2,3,2
35,500,5418,2010000000000,5,2,3,3
35,500,5420,2010000000000,3,2,4,2
35,500,5421,2010000000000,5,2,3,2
35,500,5430,2010000000000,3,1,4,3
35,500,5431,2010000000000,5,1,3,3
35,500,5446,2010000000000,3,1,4,4
35,500,5448,2010000000000,2,2,4,2
35,500,5450,2010000000000,4,1,5,3
35,500,5456,2010000000000,1,2,2,2
35,500,5464,2010000000000,2,2,3,1
35,500,5474,2010000000000,2,2,2,1
35,500,5478,2010000000000,4,2,3,2
35,500,5481,2010000000000,1,2,4,1
35,500,5483,2010000000000,3,2,3,3
35,500,5491,2010000000000,5,1,4,3
35,500,5492,2010000000000,2,1,3,2
35,500,5494,2010000000000,5,1,4,4
35,500,5499,2010000000000,5,1,3,3
35,500,5500,2010000000000,2,2,2,1
35,500,5501,2010000000000,1,2,2,2
35,500,5505,2010000000000,5,2,2,3
35,500,5506,2010000000000,3,1,5,3
35,500,5509,2010000000000,4,2,3,3
35,500,5516,2010000000000,4,2,3,3
35,500,5517,2010000000000,5,1,3,3
35,500,5528,2010000000000,3,2,3,1
35,500,5530,2010000000000,3,2,4,2
35,500,5533,2010000000000,5,2,3,3
35,500,5535,2010000000000,2,2,2,2
35,500,5540,2010000000000,2,1,3,2
35,500,5541,2010000000000,4,1,4,3
35,500,5542,2010000000000,2,2,3,1
35,500,5546,2010000000000,2,1,3,2
35,500,5548,2010000000000,4,1,5,3
35,500,5549,2010000000000,3,1,3,3
35,500,5555,2010000000000,2,1,3,2
35,500,5558,2010000000000,5,1,5,3
35,500,5562,2010000000000,3,2,3,1
35,500,5565,2010000000000,1,2,1,1
35,500,5568,2010000000000,3,2,4,2
35,500,5572,2010000000000,2,2,1,2
35,500,5583,2010000000000,2,2,3,1
35,500,5586,2010000000000,3,2,5,2
35,500,5587,2010000000000,4,2,4,1
35,500,5588,2010000000000,1,2,3,2
35,500,5600,2010000000000,2,2,3,2
35,500,5605,2010000000000,3,2,3,1
35,500,5614,2010000000000,5,2,3,2
35,500,5616,2010000000000,2,2,2,1
35,500,5617,2010000000000,3,2,2,2
35,500,5621,2010000000000,2,2,2,1
35,500,5624,2010000000000,3,2,1,1
35,500,5628,2010000000000,4,2,2,1
35,500,5629,2010000000000,3,1,2,2
35,500,5631,2010000000000,2,2,3,1
35,500,5636,2010000000000,4,2,4,4
35,500,5637,2010000000000,1,2,1,1
35,500,5639,2010000000000,5,2,5,3
35,500,5649,2010000000000,5,1,3,3
35,500,5651,2010000000000,2,2,2,2
35,500,5654,2010000000000,3,1,4,2
35,500,5655,2010000000000,1,2,2,1
35,500,5659,2010000000000,4,2,5,3
35,500,5669,2010000000000,2,2,3,1
35,500,5678,2010000000000,4,1,3,3
35,500,5682,2010000000000,3,2,3,2
35,500,5684,2010000000000,1,2,2,1
35,500,5695,2010000000000,2,1,3,2
35,500,5699,2010000000000,2,1,3,1
35,500,5701,2010000000000,3,2,3,3
35,500,5703,2010000000000,1,2,2,1
35,500,5718,2010000000000,4,2,5,3
35,500,5721,2010000000000,4,1,3,3
35,500,5725,2010000000000,3,2,3,3
35,500,5729,2010000000000,4,2,3,3
35,500,5732,2010000000000,2,1,2,2
35,500,5737,2010000000000,3,2,3,1
35,500,5738,2010000000000,3,1,3,2
35,500,5747,2010000000000,4,1,3,2
35,500,5749,2010000000000,4,2,5,2
35,500,5752,2010000000000,4,2,3,2
35,500,5755,2010000000000,1,2,3,1
35,500,5759,2010000000000,2,2,3,2
35,500,5766,2010000000000,4,1,3,3
35,500,5771,2010000000000,4,2,3,3
35,500,5775,2010000000000,2,2,3,1
35,500,5777,2010000000000,2,2,4,3
35,500,5780,2010000000000,5,2,2,3
35,500,5781,2010000000000,5,2,5,3
35,500,5790,2010000000000,1,2,2,1
35,500,5796,2010000000000,4,2,3,2
35,500,5797,2010000000000,2,2,3,2
35,500,5798,2010000000000,4,2,3,3
35,500,5803,2010000000000,5,2,4,3
35,500,5805,2010000000000,4,2,4,2
35,500,5806,2010000000000,5,2,3,2
35,500,5807,2010000000000,3,1,4,2
35,500,5808,2010000000000,5,2,3,1
35,500,5809,2010000000000,4,2,3,2
35,500,5810,2010000000000,3,1,3,2
35,500,5813,2010000000000,1,2,3,1
35,500,5816,2010000000000,1,2,2,1
35,500,5818,2010000000000,4,2,3,3
35,500,5821,2010000000000,2,1,4,2
35,500,5822,2010000000000,5,1,5,4
35,500,5825,2010000000000,1,2,3,2
35,500,5831,2010000000000,4,2,2,3
35,500,5832,2010000000000,5,2,4,2
35,500,5833,2010000000000,1,1,3,1
35,500,5834,2010000000000,2,1,2,2
35,500,5835,2010000000000,5,2,4,3
35,500,5836,2010000000000,1,2,1,2
35,500,5838,2010000000000,3,2,2,1
35,500,5846,2010000000000,1,2,5,1
35,500,5853,2010000000000,3,2,3,1
35,500,5857,2010000000000,1,2,2,1
35,500,5859,2010000000000,1,2,2,1
35,500,5861,2010000000000,3,2,3,1
35,500,5866,2010000000000,2,1,4,4
35,500,5876,2010000000000,4,2,3,3
35,500,5882,2010000000000,2,1,4,2
35,500,5884,2010000000000,1,1,2,2
35,500,5885,2010000000000,3,2,3,1
35,500,5890,2010000000000,5,2,5,2
35,500,5891,2010000000000,1,2,2,1
35,500,5900,2010000000000,4,2,2,2
35,500,5903,2010000000000,4,2,4,3
35,500,5905,2010000000000,4,1,5,2
35,500,5907,2010000000000,4,1,3,3
35,500,5911,2010000000000,5,2,5,3
35,500,5912,2010000000000,2,2,3,2
35,500,5913,2010000000000,3,2,3,1
35,500,5917,2010000000000,4,2,3,2
35,500,5923,2010000000000,1,1,3,1
35,500,5924,2010000000000,1,2,2,1
35,500,5933,2010000000000,4,1,2,2
35,500,5936,2010000000000,5,1,5,3
35,500,5949,2010000000000,4,1,4,3
35,500,5950,2010000000000,4,1,5,3
35,500,5962,2010000000000,2,1,2,2
35,500,5963,2010000000000,2,2,2,1
35,500,5965,2010000000000,1,1,3,3
35,500,5967,2010000000000,3,2,2,2
35,500,5970,2010000000000,5,1,4,4
35,500,5975,2010000000000,2,2,3,2
35,500,5978,2010000000000,2,1,3,3
35,500,5982,2010000000000,5,1,4,3
35,500,5995,2010000000000,3,1,4,2
35,500,5997,2010000000000,4,1,4,3
35,500,6011,2010000000000,2,1,2,2
35,500,6013,2010000000000,5,2,5,3
35,500,6020,2010000000000,1,2,3,2
35,500,6021,2010000000000,1,2,3,1
35,500,6031,2010000000000,2,2,4,2
35,500,6037,2010000000000,2,2,4,3
35,500,6042,2010000000000,1,2,3,2
35,500,6043,2010000000000,5,2,4,1
35,500,6044,2010000000000,5,2,4,3
35,500,6049,2010000000000,2,2,3,2
35,500,6060,2010000000000,3,2,2,1
35,500,6064,2010000000000,1,1,3,2
35,500,6068,2010000000000,1,2,2,2
35,500,6082,2010000000000,3,2,4,2
35,500,6084,2010000000000,3,2,3,1
35,500,6094,2010000000000,1,2,3,2
35,500,6099,2010000000000,1,2,4,1
35,500,6106,2010000000000,4,2,2,3
35,500,6108,2010000000000,3,2,4,2
35,500,6109,2010000000000,2,1,3,1
35,500,6111,2010000000000,4,1,3,3
35,500,6112,2010000000000,2,1,1,4
35,500,6113,2010000000000,2,1,3,2
35,500,6114,2010000000000,4,1,3,3
35,500,6117,2010000000000,5,2,3,3
35,500,6127,2010000000000,4,2,5,3
35,500,6131,2010000000000,4,2,3,3
35,500,6133,2010000000000,5,2,2,2
35,500,6144,2010000000000,3,2,3,2
35,500,6149,2010000000000,2,2,2,1
35,500,6153,2010000000000,3,2,4,3
35,500,6154,2010000000000,1,1,2,1
35,500,6155,2010000000000,1,2,2,2
35,500,6160,2010000000000,3,2,3,1
35,500,6163,2010000000000,4,1,4,3
35,500,6175,2010000000000,1,2,1,1
35,500,6177,2010000000000,1,2,1,1
35,500,6182,2010000000000,1,2,2,1
35,500,6186,2010000000000,4,2,3,2
35,500,6188,2010000000000,4,1,3,2
35,500,6189,2010000000000,3,1,3,3
35,500,6193,2010000000000,3,2,4,3
35,500,6197,2010000000000,2,2,3,1
35,500,6200,2010000000000,4,2,4,1
35,500,6203,2010000000000,4,1,3,2
35,500,6205,2010000000000,2,2,3,2
35,500,6207,2010000000000,1,2,1,2
35,500,6214,2010000000000,3,2,3,3
35,500,6225,2010000000000,4,1,3,2
35,500,6228,2010000000000,3,1,2,2
35,500,6232,2010000000000,2,1,3,2
35,500,6234,2010000000000,4,1,3,3
35,500,6236,2010000000000,1,1,2,2
35,500,6237,2010000000000,3,2,3,2
35,500,6238,2010000000000,3,1,3,3
35,500,6241,2010000000000,1,1,1,1
35,500,6248,2010000000000,5,2,3,2
35,500,6252,2010000000000,2,1,2,1
35,500,6261,2010000000000,4,1,4,4
35,500,6264,2010000000000,2,2,1,1
35,500,6265,2010000000000,2,2,2,1
35,500,6266,2010000000000,3,2,2,2
35,500,6267,2010000000000,2,1,2,2
35,500,6276,2010000000000,3,1,3,1
35,500,6277,2010000000000,1,2,2,1
35,500,6279,2010000000000,5,2,3,1
35,500,6281,2010000000000,3,1,4,3
35,500,6283,2010000000000,1,1,2,2
35,500,6285,2010000000000,2,2,2,2
35,500,6286,2010000000000,2,2,3,2
35,500,6295,2010000000000,1,2,3,2
35,500,6297,2010000000000,1,2,2,2
35,500,6304,2010000000000,5,1,2,2
35,500,6308,2010000000000,3,2,1,1
35,500,6309,2010000000000,1,2,1,1
35,500,6310,2010000000000,5,2,4,2
35,500,6316,2010000000000,5,1,4,4
35,500,6318,2010000000000,3,2,2,2
35,500,6324,2010000000000,2,2,2,2
35,500,6326,2010000000000,3,1,3,3
35,500,6327,2010000000000,4,2,2,2
35,500,6330,2010000000000,3,1,3,3
35,500,6331,2010000000000,2,2,4,1
35,500,6337,2010000000000,3,2,3,1
35,500,6340,2010000000000,5,2,4,4
35,500,6346,2010000000000,1,2,5,1
35,500,6347,2010000000000,5,1,2,3
35,500,6348,2010000000000,3,2,3,1
35,500,6357,2011000000000,5,1,2,2
35,500,6362,2011000000000,3,2,3,2
35,500,6368,2011000000000,1,2,3,1
35,500,6369,2011000000000,4,2,3,3
35,500,6370,2011000000000,1,2,1,1
35,500,6372,2011000000000,1,1,2,2
35,500,6376,2011000000000,1,1,2,1
35,500,6382,2011000000000,1,2,2,1
35,500,6388,2011000000000,1,2,2,1
35,500,6389,2011000000000,2,1,4,1
35,500,6390,2011000000000,5,2,2,2
35,500,6392,2011000000000,1,1,3,2
35,500,6397,2011000000000,1,2,2,2
35,500,6403,2011000000000,5,2,5,3
35,500,6409,2011000000000,5,2,3,3
35,500,6413,2011000000000,5,2,4,3
35,500,6414,2011000000000,5,1,3,2
35,500,6415,2011000000000,3,2,3,1
35,500,6425,2011000000000,5,2,3,2
35,500,6426,2011000000000,5,2,3,1
35,500,6437,2011000000000,4,1,4,2
35,500,6443,2011000000000,3,2,5,2
35,500,6444,2011000000000,4,2,4,1
35,500,6446,2011000000000,1,2,3,1
35,500,6448,2011000000000,5,2,2,2
35,500,6451,2011000000000,3,2,2,2
35,500,6453,2011000000000,5,2,4,1
35,500,6454,2011000000000,5,2,2,1
35,500,6455,2011000000000,4,1,3,2
35,500,6458,2011000000000,4,2,3,1
35,500,6463,2011000000000,3,2,2,1
35,500,6473,2011000000000,3,1,3,2
35,500,6475,2011000000000,4,1,3,2
35,500,6476,2011000000000,2,2,2,2
35,500,6477,2011000000000,3,2,2,1
35,500,6478,2011000000000,5,2,3,1
35,500,6481,2011000000000,1,2,1,1
35,500,6485,2011000000000,2,2,3,3
35,500,6487,2011000000000,1,1,4,3
35,500,6498,2011000000000,2,1,3,3
35,500,6500,2011000000000,1,2,1,1
35,500,6502,2011000000000,5,2,3,3
35,500,6504,2011000000000,5,2,2,3
35,500,6507,2011000000000,2,2,2,2
35,500,6508,2011000000000,5,1,3,4
35,500,6509,2011000000000,5,2,2,3
35,500,6516,2011000000000,1,2,3,1
35,500,6519,2011000000000,4,1,3,3
35,500,6520,2011000000000,3,2,3,1
35,500,6523,2011000000000,5,2,3,3
35,500,6532,2011000000000,1,2,2,1
35,500,6534,2011000000000,1,2,1,1
35,500,6537,2011000000000,4,1,4,2
35,500,6540,2011000000000,1,1,3,3
35,500,6541,2011000000000,1,1,1,3
35,500,6542,2011000000000,4,2,3,1
35,500,6545,2011000000000,4,2,5,3
35,500,6546,2011000000000,1,2,2,1
35,500,6552,2011000000000,2,2,2,1
35,500,6554,2011000000000,5,1,3,3
35,500,6556,2011000000000,5,1,3,3
35,500,6564,2011000000000,1,2,2,1
35,500,6568,2011000000000,4,1,1,2
35,500,6571,2011000000000,2,2,2,1
35,500,6575,2011000000000,5,1,3,2
35,500,6576,2011000000000,4,2,3,1
35,500,6580,2011000000000,4,2,5,2
35,500,6581,2011000000000,4,1,4,3
35,500,6587,2011000000000,2,2,2,1
35,500,6588,2011000000000,2,2,3,2
35,500,6591,2011000000000,1,1,4,2
35,500,6592,2011000000000,5,2,3,3
35,500,6596,2011000000000,4,1,5,4
35,500,6599,2011000000000,5,2,3,3
35,500,6603,2011000000000,1,2,2,1
35,500,6606,2011000000000,5,2,4,3
35,500,6611,2011000000000,4,2,3,2
35,500,6618,2011000000000,4,2,5,3
35,500,6620,2011000000000,4,1,3,2
35,500,6624,2011000000000,1,2,1,1
35,500,6625,2011000000000,5,1,5,4
35,500,6627,2011000000000,1,2,2,1
35,500,6632,2011000000000,4,2,4,3
35,500,6633,2011000000000,3,1,4,3
35,500,6638,2011000000000,3,2,3,2
35,500,6639,2011000000000,3,2,3,1
35,500,6641,2011000000000,4,1,4,3
35,500,6643,2011000000000,3,2,1,1
35,500,6645,2011000000000,4,2,3,3
35,500,6647,2011000000000,2,2,3,2
35,500,6650,2011000000000,5,2,4,3
35,500,6655,2011000000000,4,2,2,1
35,500,6662,2011000000000,4,2,3,1
35,500,6666,2011000000000,4,1,3,1
35,500,6670,2011000000000,4,2,5,4
35,500,6672,2011000000000,5,1,3,3
35,500,6674,2011000000000,4,1,4,3
35,500,6677,2011000000000,1,2,2,1
35,500,6686,2011000000000,1,2,2,1
35,500,6688,2011000000000,5,2,3,1
35,500,6696,2011000000000,3,2,5,3
35,500,6697,2011000000000,2,2,1,1
35,500,6701,2011000000000,1,2,2,1
35,500,6703,2011000000000,2,1,4,2
35,500,6704,2011000000000,4,1,5,4
35,500,6706,2011000000000,5,2,2,1
35,500,6707,2011000000000,5,1,4,3
35,500,6711,2011000000000,5,2,5,3
35,500,6715,2011000000000,4,1,4,3
35,500,6717,2011000000000,5,2,3,3
35,500,6719,2011000000000,5,1,4,3
35,500,6723,2011000000000,4,1,2,2
35,500,6726,2011000000000,1,2,2,1
35,500,6730,2011000000000,1,2,3,1
35,500,6732,2011000000000,5,1,2,3
35,500,6735,2011000000000,1,2,1,1
35,500,6737,2011000000000,3,1,4,3
35,500,6740,2011000000000,1,2,2,1
35,500,6745,2011000000000,3,2,3,1
35,500,6747,2011000000000,5,2,2,2
35,500,6750,2011000000000,2,1,2,2
35,500,6751,2011000000000,5,2,3,2
35,500,6756,2011000000000,3,1,3,3
35,500,6760,2011000000000,3,2,4,3
35,500,6761,2011000000000,2,2,4,3
35,500,6762,2011000000000,1,2,2,2
35,500,6765,2011000000000,5,1,3,4
35,500,6782,2011000000000,4,1,3,2
35,500,6788,2011000000000,2,2,4,2
35,500,6793,2011000000000,2,2,2,1
35,500,6794,2011000000000,4,1,5,2
35,500,6795,2011000000000,2,2,3,3
35,500,6797,2011000000000,1,1,3,1
35,500,6808,2011000000000,5,1,3,3
35,500,6811,2011000000000,5,2,4,3
35,500,6812,2011000000000,5,1,5,4
35,500,6815,2011000000000,5,2,5,2
35,500,6820,2011000000000,5,2,2,3
35,500,6821,2011000000000,2,1,2,2
35,500,6823,2011000000000,3,2,2,2
35,500,6837,2011000000000,3,2,2,2
35,500,6838,2011000000000,1,2,2,1
35,500,6844,2011000000000,4,1,4,2
35,500,6852,2011000000000,3,1,4,2
35,500,6857,2011000000000,4,2,2,2
35,500,6858,2011000000000,4,2,3,2
35,500,6860,2011000000000,4,2,3,2
35,500,6865,2011000000000,1,1,2,1
35,500,6868,2011000000000,3,2,3,2
35,500,6870,2011000000000,2,2,5,2
35,500,6872,2011000000000,1,2,2,1
35,500,6873,2011000000000,3,2,2,1
35,500,6875,2011000000000,4,1,2,1
35,500,6876,2011000000000,1,1,5,1
35,500,6878,2011000000000,4,2,3,3
35,500,6880,2011000000000,3,2,3,3
35,500,6887,2011000000000,2,1,3,2
35,500,6888,2011000000000,3,2,2,2
35,500,6890,2011000000000,3,2,2,2
35,500,6892,2011000000000,5,2,4,3
35,500,6897,2011000000000,2,2,3,2
35,500,6898,2011000000000,5,1,4,3
35,500,6899,2011000000000,3,2,3,1
35,500,6902,2011000000000,2,2,2,1
35,500,6906,2011000000000,2,2,2,1
35,500,6911,2011000000000,4,1,3,2
35,500,6925,2011000000000,1,2,2,1
35,500,6926,2011000000000,3,2,2,1
35,500,6928,2011000000000,2,2,2,2
35,500,6943,2011000000000,5,1,4,4
35,500,6950,2011000000000,4,2,5,4
35,500,6951,2011000000000,3,2,3,1
35,500,6957,2011000000000,2,2,3,1
35,500,6964,2011000000000,4,2,3,1
35,500,6968,2011000000000,2,2,2,1
35,500,6976,2011000000000,3,1,5,2
35,500,6981,2011000000000,3,1,2,3
35,500,6986,2011000000000,3,2,3,3
35,500,6997,2011000000000,3,2,5,2
35,500,7005,2011000000000,2,2,3,1
35,500,7009,2011000000000,3,1,3,3
35,500,7010,2011000000000,2,1,4,3
35,500,7017,2011000000000,3,1,2,3
35,500,7025,2011000000000,1,1,3,2
35,500,7030,2011000000000,5,2,4,3
35,500,7035,2011000000000,5,1,3,3
35,500,7036,2011000000000,4,2,3,3
35,500,7042,2011000000000,3,2,4,1
35,500,7047,2011000000000,1,2,2,2
35,500,7052,2011000000000,3,2,5,2
35,500,7053,2011000000000,4,2,5,3
35,500,7054,2011000000000,2,1,3,3
35,500,7056,2011000000000,3,2,3,1
35,500,7058,2011000000000,1,2,2,1
35,500,7068,2011000000000,5,2,3,1
35,500,7069,2011000000000,5,2,3,2
35,500,7083,2011000000000,2,2,2,1
35,500,7087,2011000000000,1,2,1,1
35,500,7091,2011000000000,1,1,3,1
35,500,7092,2011000000000,1,2,3,1
35,500,7094,2011000000000,2,2,3,2
35,500,7098,2011000000000,2,1,2,2
35,500,7101,2011000000000,1,2,3,1
35,500,7104,2011000000000,3,1,3,2
35,500,7106,2011000000000,5,1,3,3
35,500,7107,2011000000000,5,2,4,3
35,500,7108,2011000000000,4,2,2,1
35,500,7110,2011000000000,3,1,4,4
35,500,7114,2011000000000,1,2,2,1
35,500,7116,2011000000000,4,2,4,2
35,500,7117,2011000000000,3,2,2,2
35,500,7124,2011000000000,3,2,1,2
35,500,7130,2011000000000,4,1,4,3
35,500,7136,2011000000000,1,1,3,1
35,500,7137,2011000000000,5,1,4,3
35,500,7141,2011000000000,2,1,5,3
35,500,7146,2011000000000,5,2,4,1
35,500,7150,2011000000000,1,2,2,1
35,500,7152,2011000000000,5,2,4,3
35,500,7153,2011000000000,2,2,2,1
35,500,7154,2011000000000,1,2,1,2
35,500,7156,2011000000000,1,2,2,1
35,500,7159,2011000000000,5,1,4,3
35,500,7163,2011000000000,4,2,3,3
35,500,7166,2011000000000,2,2,2,1
35,500,7169,2011000000000,3,1,2,2
35,500,7171,2011000000000,1,2,3,2
35,500,7173,2011000000000,4,1,5,4
35,500,7179,2011000000000,3,1,3,2
35,500,7181,2011000000000,1,1,2,1
35,500,7183,2011000000000,5,2,4,3
35,500,7186,2011000000000,3,1,3,3
35,500,7187,2011000000000,2,1,2,2
35,500,7191,2011000000000,4,2,4,3
35,500,7193,2011000000000,2,1,3,3
35,500,7195,2011000000000,5,1,3,3
35,500,7204,2011000000000,2,2,2,1
35,500,7205,2011000000000,4,1,2,2
35,500,7210,2011000000000,1,2,1,2
35,500,7213,2011000000000,5,2,2,2
35,500,7216,2011000000000,2,2,3,1
35,500,7227,2011000000000,1,2,2,2
35,500,7230,2011000000000,2,2,3,2
35,500,7237,2011000000000,1,2,1,1
35,500,7242,2011000000000,1,1,1,1
35,500,7246,2011000000000,4,2,5,2
35,500,7253,2011000000000,3,2,3,1
35,500,7257,2011000000000,2,2,3,1
35,500,7264,2011000000000,2,2,5,2
35,500,7273,2011000000000,4,2,2,1
35,500,7275,2011000000000,4,1,5,4
35,500,7283,2011000000000,3,2,3,3
35,500,7294,2011000000000,1,1,2,2
35,500,7299,2011000000000,3,1,3,2
35,500,7303,2011000000000,1,2,4,2
35,500,7306,2011000000000,3,2,3,3
35,500,7308,2011000000000,1,1,2,2
35,500,7309,2011000000000,1,1,1,2
35,500,7314,2011000000000,1,2,2,1
35,500,7316,2011000000000,5,1,3,3
35,500,7317,2011000000000,3,2,3,2
35,500,7318,2011000000000,1,2,2,1
35,500,7322,2011000000000,3,1,3,4
35,500,7333,2011000000000,5,2,3,3
35,500,7335,2011000000000,1,1,4,2
35,500,7343,2011000000000,1,2,1,1
35,500,7346,2011000000000,1,2,1,1
35,500,7347,2011000000000,1,2,3,2
35,500,7357,2011000000000,1,2,3,2
35,500,7362,2011000000000,2,2,2,1
35,500,7363,2011000000000,1,2,3,1
35,500,7367,2011000000000,3,2,3,1
35,500,7374,2011000000000,2,1,2,3
35,500,7375,2011000000000,2,2,2,2
35,500,7376,2011000000000,3,1,4,3
35,500,7382,2011000000000,4,2,2,3
35,500,7386,2011000000000,2,2,4,2
35,500,7387,2011000000000,2,1,3,3
35,500,7388,2011000000000,2,2,2,3
35,500,7389,2011000000000,3,2,3,2
35,500,7391,2011000000000,2,2,2,2
35,500,7397,2011000000000,2,2,3,1
35,500,7398,2011000000000,3,2,4,3
35,500,7404,2011000000000,3,1,4,2
35,500,7408,2011000000000,2,2,2,1
35,500,7410,2011000000000,2,1,3,3
35,500,7413,2011000000000,4,2,3,2
35,500,7414,2011000000000,2,2,3,1
35,500,7421,2011000000000,2,1,3,2
35,500,7425,2011000000000,5,1,2,4
35,500,7426,2011000000000,3,2,3,2
35,500,7427,2011000000000,4,1,5,4
35,500,7432,2011000000000,1,1,2,1
35,500,7437,2011000000000,1,1,2,1
35,500,7439,2011000000000,4,2,3,1
35,500,7440,2011000000000,3,2,2,2
35,500,7442,2011000000000,1,1,1,1
35,500,7443,2011000000000,2,2,1,1
35,500,7444,2011000000000,4,1,4,3
35,500,7445,2011000000000,1,2,1,1
35,500,7457,2011000000000,1,2,3,1
35,500,7458,2011000000000,4,2,5,1
35,500,7459,2011000000000,2,1,2,2
35,500,7472,2011000000000,4,2,3,1
35,500,7478,2011000000000,4,2,3,3
35,500,7486,2011000000000,3,2,3,1
35,500,7488,2011000000000,4,2,3,2
35,500,7491,2011000000000,4,2,3,2
35,500,7492,2011000000000,3,2,5,4
35,500,7494,2011000000000,1,2,2,1
35,500,7500,2011000000000,3,2,2,1
35,500,7504,2011000000000,4,2,5,3
35,500,7506,2011000000000,4,2,4,2
35,500,7514,2011000000000,3,1,3,2
35,500,7515,2011000000000,4,2,5,3
35,500,7517,2011000000000,5,2,4,3
35,500,7518,2011000000000,3,1,2,2
35,500,7519,2011000000000,1,1,2,2
35,500,7530,2011000000000,4,1,4,3
35,500,7533,2011000000000,4,1,4,4
35,500,7534,2011000000000,5,1,5,3
35,500,7536,2011000000000,2,2,2,3
35,500,7538,2011000000000,2,2,3,2
35,500,7541,2011000000000,5,2,5,3
35,500,7546,2011000000000,3,1,3,3
35,500,7547,2011000000000,2,2,3,1
35,500,7550,2011000000000,1,1,2,2
35,500,7551,2011000000000,2,2,4,2
35,500,7554,2011000000000,3,1,4,3
35,500,7558,2011000000000,3,1,2,1
35,500,7563,2011000000000,2,2,3,2
35,500,7568,2011000000000,1,2,2,1
35,500,7579,2011000000000,1,2,1,2
35,500,7582,2011000000000,2,1,4,2
35,500,7583,2011000000000,5,2,4,4
35,500,7585,2011000000000,4,2,3,2
35,500,7588,2011000000000,2,1,2,1
35,500,7593,2011000000000,3,2,3,2
35,500,7605,2011000000000,4,1,3,2
35,500,7619,2011000000000,2,2,2,2
35,500,7620,2011000000000,3,1,3,2
35,500,7621,2011000000000,1,2,3,1
35,500,7631,2011000000000,2,2,3,1
35,500,7633,2011000000000,1,2,2,1
35,500,7635,2011000000000,2,2,3,3
35,500,7637,2011000000000,5,2,4,3
35,500,7638,2011000000000,2,2,3,1
35,500,7640,2011000000000,5,2,3,3
35,500,7641,2011000000000,1,2,2,1
35,500,7644,2011000000000,4,1,5,4
35,500,7647,2011000000000,3,1,3,2
35,500,7656,2011000000000,1,1,1,2
35,500,7659,2011000000000,1,2,1,1
35,500,7662,2011000000000,2,2,2,2
35,500,7663,2011000000000,3,1,4,2
35,500,7664,2011000000000,3,1,3,3
35,500,7665,2011000000000,1,2,2,1
35,500,7674,2011000000000,3,2,4,3
35,500,7679,2011000000000,2,2,3,1
35,500,7681,2011000000000,1,2,2,1
35,500,7682,2011000000000,5,2,5,2
35,500,7685,2011000000000,4,1,2,2
35,500,7689,2011000000000,5,2,4,3
35,500,7690,2011000000000,4,1,3,2
35,500,7692,2011000000000,5,2,3,2
35,500,7693,2011000000000,2,2,2,2
35,500,7698,2011000000000,5,2,3,3
35,500,7699,2011000000000,4,2,3,3
35,500,7702,2011000000000,2,2,3,3
35,500,7706,2011000000000,4,1,3,3
35,500,7712,2011000000000,3,1,4,3
35,500,7716,2011000000000,5,2,2,2
35,500,7726,2011000000000,1,1,3,2
35,500,7730,2011000000000,1,2,4,1
35,500,7732,2011000000000,3,1,2,2
35,500,7742,2011000000000,2,2,2,1
35,500,7744,2011000000000,3,2,5,3
35,500,7746,2011000000000,3,1,3,3
35,500,7749,2011000000000,2,2,3,1
35,500,7751,2011000000000,2,1,2,2
35,500,7758,2011000000000,5,1,4,4
35,500,7760,2011000000000,3,2,4,3
35,500,7761,2011000000000,1,2,2,1
35,500,7762,2011000000000,2,2,3,2
35,500,7768,2011000000000,2,1,3,3
35,500,7773,2011000000000,3,2,3,2
35,500,7774,2011000000000,3,2,3,3
35,500,7776,2011000000000,2,1,4,2
35,500,7780,2011000000000,2,2,2,1
35,500,7782,2011000000000,4,1,5,3
35,500,7783,2011000000000,4,2,2,2
35,500,7785,2011000000000,4,1,5,4
35,500,7788,2011000000000,5,2,2,2
35,500,7789,2011000000000,2,2,2,1
35,500,7793,2011000000000,3,1,4,3
35,500,7797,2011000000000,4,1,4,3
35,500,7798,2011000000000,1,1,3,2
35,500,7800,2011000000000,1,2,2,2
35,500,7805,2011000000000,1,2,3,1
35,500,7810,2011000000000,4,2,2,3
35,500,7811,2011000000000,3,2,4,1
35,500,7815,2011000000000,3,2,2,1
35,500,7818,2011000000000,5,1,3,3
35,500,7819,2011000000000,4,1,5,4
35,500,7820,2011000000000,4,1,3,2
35,500,7826,2011000000000,1,2,2,2
35,500,7833,2011000000000,4,1,5,3
35,500,7834,2011000000000,2,1,2,2
35,500,7841,2011000000000,4,1,5,2
35,500,7842,2011000000000,3,1,2,2
35,500,7847,2011000000000,5,2,4,4
35,500,7848,2011000000000,1,1,3,2
35,500,7850,2011000000000,4,1,3,3
35,500,7856,2011000000000,3,2,3,3
35,500,7858,2011000000000,1,1,2,1
35,500,7861,2011000000000,4,2,3,2
35,500,7863,2011000000000,1,2,3,3
35,500,7865,2011000000000,1,1,3,2
35,500,7869,2011000000000,1,2,2,1
35,500,7884,2011000000000,1,2,2,1
35,500,7887,2011000000000,2,1,5,2
35,500,7895,2011000000000,4,2,5,3
35,500,7898,2011000000000,5,2,4,3
35,500,7902,2011000000000,1,1,3,2
35,500,7908,2011000000000,1,1,2,1
35,500,7910,2011000000000,3,1,3,3
35,500,7915,2011000000000,5,2,4,3
35,500,7918,2011000000000,2,1,2,1
35,500,7929,2011000000000,4,2,5,2
35,500,7932,2011000000000,1,2,2,1
35,500,7935,2011000000000,1,1,3,2
35,500,7938,2011000000000,5,2,3,1
35,500,7947,2011000000000,4,2,3,3
35,500,7949,2011000000000,1,2,2,1
35,500,7956,2011000000000,1,2,4,2
35,500,7958,2011000000000,1,2,2,1
35,500,7961,2011000000000,1,1,1,2
35,500,7963,2011000000000,5,2,3,2
35,500,7966,2011000000000,3,1,2,2
35,500,7969,2011000000000,4,1,5,3
35,500,7977,2011000000000,1,2,3,2
35,500,7983,2011000000000,4,1,4,3
35,500,7984,2011000000000,4,2,4,3
35,500,7992,2011000000000,3,1,2,2
35,500,7995,2011000000000,3,2,3,2
35,500,7998,2011000000000,1,2,1,1
35,500,7999,2011000000000,2,2,3,1
35,500,8001,2011000000000,5,2,2,1
35,500,8003,2011000000000,4,2,3,1
35,500,8004,2011000000000,3,1,5,3
35,500,8006,2011000000000,5,1,4,3
35,500,8007,2011000000000,1,2,2,1
35,500,8011,2011000000000,2,2,5,2
35,500,8013,2011000000000,2,1,3,1
35,500,8015,2011000000000,3,2,2,2
35,500,8020,2011000000000,4,1,3,3
35,500,8023,2011000000000,2,2,2,2
35,500,8034,2011000000000,2,2,3,1
35,500,8038,2011000000000,3,1,3,2
35,500,8040,2011000000000,5,2,5,4
35,500,8041,2011000000000,2,2,3,2
35,500,8052,2011000000000,2,2,2,1
35,500,8053,2011000000000,3,2,3,3
35,500,8057,2011000000000,2,1,3,2
35,500,8064,2011000000000,2,2,2,2
35,500,8065,2011000000000,5,1,3,2
35,500,8067,2011000000000,3,2,4,2
35,500,8068,2011000000000,4,1,3,2
35,500,8082,2011000000000,2,2,3,1
35,500,8098,2011000000000,5,2,1,2
35,500,8106,2011000000000,4,2,3,1
35,500,8108,2011000000000,5,2,4,3
35,500,8114,2011000000000,4,2,2,2
35,500,8120,2011000000000,2,2,3,1
35,500,8125,2011000000000,4,1,3,3
35,500,8128,2011000000000,1,1,3,3
35,500,8131,2011000000000,5,1,3,3
35,500,8141,2011000000000,4,2,3,2
35,500,8142,2011000000000,2,2,2,1
35,500,8143,2011000000000,3,1,4,3
35,500,8145,2011000000000,4,2,3,2
35,500,8149,2011000000000,3,2,2,2
35,500,8152,2011000000000,5,2,4,3
35,500,8153,2011000000000,2,2,5,2
35,500,8161,2011000000000,1,2,3,1
35,500,8162,2011000000000,1,1,3,1
35,500,8163,2011000000000,2,1,3,1
35,500,8166,2011000000000,3,1,3,2
35,500,8173,2011000000000,4,1,5,2
35,500,8180,2011000000000,2,1,4,1
35,500,8187,2011000000000,4,2,4,2
35,500,8188,2011000000000,1,2,4,1
35,500,8189,2011000000000,3,1,4,4
35,500,8195,2011000000000,2,2,3,3
35,500,8197,2011000000000,5,2,3,3
35,500,8201,2011000000000,1,2,4,1
35,500,8203,2011000000000,1,1,1,2
35,500,8211,2011000000000,3,1,4,3
35,500,8213,2011000000000,2,2,2,1
35,500,8225,2011000000000,4,2,3,1
35,500,8227,2011000000000,2,2,3,3
35,500,8229,2011000000000,2,2,3,1
35,500,8233,2011000000000,2,2,3,2
35,500,8238,2011000000000,3,1,2,2
35,500,8245,2011000000000,1,2,2,1
35,500,8249,2011000000000,2,2,1,2
35,500,8250,2011000000000,1,2,4,1
35,500,8251,2011000000000,5,2,2,1
35,500,8253,2011000000000,4,2,3,2
35,500,8256,2011000000000,4,1,3,3
35,500,8257,2011000000000,5,2,4,3
35,500,8261,2011000000000,4,2,3,2
35,500,8263,2011000000000,2,2,3,2
35,500,8268,2011000000000,4,2,3,3
35,500,8269,2011000000000,4,1,4,4
35,500,8270,2011000000000,4,1,4,3
35,500,8272,2011000000000,4,2,3,3
35,500,8274,2011000000000,4,2,4,3
35,500,8279,2011000000000,5,2,4,3
35,500,8283,2011000000000,1,2,3,1
35,500,8284,2011000000000,4,1,2,3
35,500,8285,2011000000000,3,2,3,2
35,500,8290,2011000000000,4,1,3,3
35,500,8298,2011000000000,2,1,2,2
35,500,8299,2011000000000,4,2,4,2
35,500,8305,2011000000000,1,2,3,1
35,500,8311,2011000000000,2,1,3,2
35,500,8312,2011000000000,2,2,2,2
35,500,8313,2011000000000,2,2,3,1
35,500,8316,2011000000000,1,1,2,1
35,500,8321,2011000000000,4,2,2,2
35,500,8325,2011000000000,4,2,3,2
35,500,8331,2011000000000,2,2,3,2
35,500,8333,2011000000000,1,1,3,1
35,500,8334,2011000000000,1,2,2,2
35,500,8335,2011000000000,2,1,2,3
35,500,8341,2011000000000,1,2,4,1
35,500,8355,2011000000000,3,1,3,2
35,500,8357,2011000000000,1,2,3,2
35,500,8358,2011000000000,2,1,4,2
35,500,8360,2011000000000,4,2,4,2
35,500,8365,2011000000000,5,1,5,4
35,500,8366,2011000000000,3,2,4,2
35,500,8371,2011000000000,2,2,2,2
35,500,8374,2011000000000,1,1,2,1
35,500,8386,2011000000000,3,1,3,3
35,500,8389,2011000000000,4,1,4,1
35,500,8396,2011000000000,4,1,2,3
35,500,8398,2011000000000,4,2,5,4
35,500,8402,2011000000000,1,1,3,2
35,500,8406,2011000000000,4,2,2,1
35,500,8408,2011000000000,4,2,4,1
35,500,8412,2011000000000,5,2,3,2
35,500,8418,2011000000000,5,1,4,3
35,500,8419,2011000000000,4,2,3,2
35,500,8420,2011000000000,2,1,2,1
35,500,8428,2011000000000,2,2,2,1
35,500,8435,2011000000000,4,2,2,2
35,500,8438,2011000000000,4,2,4,1
35,500,8440,2011000000000,2,2,3,3
35,500,8442,2011000000000,3,2,2,2
35,500,8447,2011000000000,1,2,2,2
35,500,8449,2011000000000,1,1,3,2
35,500,8450,2011000000000,2,1,3,2
35,500,8456,2011000000000,2,1,1,1
35,500,8458,2011000000000,2,2,2,3
35,500,8470,2011000000000,4,1,4,3
35,500,8475,2011000000000,5,1,4,4
35,500,8482,2011000000000,2,2,4,2
35,500,8484,2011000000000,5,1,4,2
35,500,8490,2011000000000,1,2,3,1
35,500,8502,2011000000000,1,2,2,1
35,500,8504,2011000000000,3,2,2,2
35,500,8505,2011000000000,2,1,2,2
35,500,8517,2011000000000,1,1,1,1
35,500,8520,2011000000000,4,1,3,3
35,500,8521,2011000000000,2,1,3,2
35,500,8525,2011000000000,1,2,2,1
35,500,8528,2011000000000,4,2,4,3
35,500,8529,2011000000000,4,2,3,2
35,500,8538,2011000000000,4,2,3,2
35,500,8539,2011000000000,1,2,2,1
35,500,8541,2011000000000,2,2,3,1
35,500,8544,2011000000000,1,2,2,1
35,500,8551,2011000000000,2,2,4,1
35,500,8556,2011000000000,4,2,3,3
35,500,8557,2011000000000,1,1,1,2
35,500,8565,2011000000000,1,2,3,1
35,500,8566,2011000000000,4,1,3,2
35,500,8568,2011000000000,4,1,3,3
35,500,8569,2011000000000,5,1,3,2
35,500,8572,2011000000000,1,2,3,2
35,500,8584,2011000000000,5,1,4,4
35,500,8585,2011000000000,5,2,4,2
35,500,8587,2011000000000,1,2,2,1
35,500,8589,2011000000000,1,1,5,2
35,500,8592,2011000000000,5,1,5,3
35,500,8598,2011000000000,1,2,4,1
35,500,8599,2011000000000,1,1,4,1
35,500,8602,2011000000000,4,2,3,3
35,500,8607,2011000000000,1,1,5,2
35,500,8609,2011000000000,5,2,4,2
35,500,8613,2011000000000,5,1,4,3
35,500,8617,2011000000000,4,1,3,3
35,500,8619,2011000000000,5,1,4,3
35,500,8620,2011000000000,3,2,3,2
35,500,8625,2011000000000,4,2,3,1
35,500,8628,2011000000000,2,1,3,2
35,500,8638,2011000000000,1,2,3,2
35,500,8639,2011000000000,2,2,2,2
35,500,8641,2011000000000,4,1,2,3
35,500,8644,2011000000000,1,2,2,1
35,500,8645,2011000000000,3,2,4,2
35,500,8651,2011000000000,3,2,2,1
35,500,8659,2011000000000,2,2,2,1
35,500,8663,2011000000000,1,2,3,1
35,500,8666,2011000000000,4,2,3,2
35,500,8668,2011000000000,2,2,2,1
35,500,8672,2011000000000,2,1,3,2
35,500,8675,2011000000000,4,2,2,2
35,500,8680,2011000000000,5,2,5,2
35,500,8682,2011000000000,3,2,3,3
35,500,8685,2011000000000,3,1,1,2
35,500,8686,2011000000000,3,2,3,2
35,500,8689,2011000000000,4,2,3,1
35,500,8691,2011000000000,2,2,2,1
35,500,8692,2011000000000,5,1,4,3
35,500,8693,2011000000000,5,2,3,4
35,500,8694,2011000000000,5,2,5,2
35,500,8704,2011000000000,3,2,3,1
35,500,8706,2011000000000,5,2,3,2
35,500,8720,2011000000000,2,2,3,1
35,500,8725,2011000000000,1,1,1,2
35,500,8726,2011000000000,2,2,1,1
35,500,8727,2011000000000,5,1,5,3
35,500,8730,2011000000000,3,1,3,3
35,500,8731,2011000000000,3,1,4,3
35,500,8732,2011000000000,2,1,4,3
35,500,8734,2011000000000,2,2,3,1
35,500,8736,2011000000000,5,1,3,2
35,500,8737,2011000000000,5,2,2,4
35,500,8740,2011000000000,1,2,2,1
35,500,8742,2011000000000,2,1,3,2
35,500,8745,2011000000000,2,1,4,4
35,500,8746,2011000000000,3,2,2,1
35,500,8753,2011000000000,3,1,4,4
35,500,8754,2011000000000,2,1,2,2
35,500,8755,2011000000000,5,2,5,3
35,500,8756,2011000000000,1,2,2,1
35,500,8757,2011000000000,4,1,4,3
35,500,8760,2011000000000,2,2,3,2
35,500,8766,2011000000000,4,2,2,1
35,500,8767,2011000000000,3,1,3,3
35,500,8770,2011000000000,1,2,1,1
35,500,8772,2011000000000,1,1,3,2
35,500,8781,2011000000000,1,2,2,1
35,500,8784,2011000000000,4,2,3,3
35,500,8785,2011000000000,4,1,3,3
35,500,8791,2011000000000,1,2,1,1
35,500,8796,2011000000000,1,2,2,1
35,500,8806,2011000000000,2,2,4,2
35,500,8808,2011000000000,3,2,2,1
35,500,8809,2011000000000,5,1,3,2
35,500,8811,2011000000000,1,2,2,2
35,500,8815,2011000000000,4,1,3,3
35,500,8817,2011000000000,5,1,3,3
35,500,8820,2011000000000,5,2,5,2
35,500,8826,2011000000000,2,1,3,1
35,500,8830,2011000000000,3,2,3,2
35,500,8831,2011000000000,5,1,4,3
35,500,8832,2011000000000,1,2,2,1
35,500,8834,2011000000000,3,2,3,2
35,500,8841,2011000000000,1,2,3,2
35,500,8842,2011000000000,4,2,2,2
35,500,8844,2011000000000,5,1,5,2
35,500,8848,2011000000000,5,2,2,1
35,500,8849,2011000000000,5,1,4,4
35,500,8857,2011000000000,2,2,2,1
35,500,8861,2011000000000,2,2,3,1
35,500,8862,2011000000000,2,1,3,3
35,500,8872,2011000000000,5,2,3,1
35,500,8873,2011000000000,3,2,2,1
35,500,8874,2011000000000,3,1,5,2
35,500,8877,2011000000000,4,2,5,2
35,500,8881,2011000000000,4,2,4,1
35,500,8885,2011000000000,2,2,2,2
35,500,8888,2011000000000,5,2,4,3
35,500,8890,2011000000000,1,2,4,1
35,500,8898,2011000000000,1,2,2,2
35,500,8901,2011000000000,1,2,3,2
35,500,8906,2011000000000,5,2,5,2
35,500,8910,2011000000000,1,1,3,2
35,500,8920,2011000000000,3,2,2,2
35,500,8922,2011000000000,3,2,3,2
35,500,8924,2011000000000,2,2,3,1
35,500,8925,2011000000000,4,1,3,1
35,500,8936,2011000000000,4,2,3,1
35,500,8939,2011000000000,2,1,2,1
35,500,8942,2011000000000,4,2,3,3
35,500,8943,2011000000000,1,2,2,1
35,500,8954,2011000000000,1,2,2,1
35,500,8965,2011000000000,4,2,4,3
35,500,8967,2011000000000,5,2,3,2
35,500,8968,2011000000000,4,2,4,4
35,500,8971,2011000000000,3,1,5,4
35,500,8983,2011000000000,4,1,4,3
35,500,8987,2011000000000,1,2,1,1
35,500,8990,2011000000000,4,1,4,3
35,500,8994,2011000000000,2,2,2,1
35,500,8995,2011000000000,1,2,3,1
35,500,8998,2011000000000,4,1,4,4
35,500,9001,2011000000000,1,1,3,2
35,500,9003,2011000000000,1,2,1,2
35,500,9004,2011000000000,4,1,3,2
35,500,9009,2011000000000,1,1,2,3
35,500,9010,2011000000000,3,1,3,2
35,500,9019,2011000000000,5,2,5,3
35,500,9031,2011000000000,5,2,3,3
35,500,9034,2011000000000,2,2,4,1
35,500,9039,2011000000000,2,2,3,3
35,500,9042,2011000000000,4,2,4,2
35,500,9045,2011000000000,1,2,1,1
35,500,9048,2011000000000,4,2,3,2
35,500,9051,2011000000000,1,2,3,1
35,500,9055,2011000000000,3,1,4,2
35,500,9064,2011000000000,3,1,5,4
35,500,9070,2011000000000,4,2,3,3
35,500,9077,2011000000000,2,2,4,2
35,500,9079,2011000000000,5,2,4,2
35,500,9086,2011000000000,2,2,2,2
35,500,9089,2011000000000,2,1,3,1
35,500,9097,2011000000000,3,2,3,2
35,500,9100,2011000000000,1,1,2,2
35,500,9102,2011000000000,2,2,2,2
35,500,9107,2011000000000,2,2,3,1
35,500,9108,2011000000000,2,2,3,1
35,500,9110,2011000000000,1,2,2,1
35,500,9113,2011000000000,3,1,3,2
35,500,9115,2011000000000,2,2,3,1
35,500,9119,2011000000000,3,2,2,1
35,500,9140,2011000000000,1,2,1,1
35,500,9142,2011000000000,1,2,2,1
35,500,9144,2011000000000,3,2,3,1
35,500,9145,2011000000000,5,1,5,3
35,500,9148,2011000000000,5,2,3,3
35,500,9149,2011000000000,5,1,3,3
35,500,9150,2011000000000,2,2,2,2
35,500,9154,2011000000000,3,1,3,2
35,500,9158,2011000000000,5,1,3,3
35,500,9162,2011000000000,1,2,3,2
35,500,9165,2011000000000,5,2,3,3
35,500,9169,2011000000000,1,1,2,1
35,500,9171,2011000000000,1,2,2,1
35,500,9180,2011000000000,3,1,3,2
35,500,9182,2011000000000,3,2,2,1
35,500,9183,2011000000000,4,2,4,3
35,500,9185,2011000000000,3,1,1,2
35,500,9190,2011000000000,5,2,3,3
35,500,9196,2011000000000,1,2,2,2
35,500,9202,2011000000000,2,2,3,2
35,500,9206,2011000000000,2,1,1,2
35,500,9207,2011000000000,3,1,5,3
35,500,9215,2011000000000,2,1,2,2
35,500,9218,2011000000000,3,2,3,1
35,500,9224,2011000000000,1,2,2,1
35,500,9228,2011000000000,3,2,4,2
35,500,9230,2011000000000,2,2,2,1
35,500,9233,2011000000000,1,1,2,2
35,500,9236,2011000000000,2,2,5,1
35,500,9238,2011000000000,1,2,3,2
35,500,9240,2011000000000,4,1,3,3
35,500,9242,2011000000000,4,2,4,2
35,500,9247,2011000000000,5,2,4,2
35,500,9248,2011000000000,1,2,1,1
35,500,9253,2011000000000,3,1,3,2
35,500,9258,2011000000000,2,1,3,2
35,500,9264,2011000000000,4,2,4,3
35,500,9267,2011000000000,2,2,2,1
35,500,9268,2011000000000,4,2,2,2
35,500,9272,2011000000000,2,2,3,1
35,500,9278,2011000000000,5,1,5,3
35,500,9287,2011000000000,1,1,3,2
35,500,9291,2011000000000,1,2,2,2
35,500,9292,2011000000000,5,2,2,2
35,500,9294,2011000000000,1,2,2,2
35,500,9295,2011000000000,4,1,5,4
35,500,9298,2011000000000,4,1,3,3
35,500,9302,2011000000000,4,2,3,2
35,500,9304,2011000000000,5,1,4,2
35,500,9310,2011000000000,4,1,5,4
35,500,9312,2011000000000,2,2,2,1
35,500,9320,2011000000000,4,1,3,3
35,500,9328,2011000000000,5,2,5,4
35,500,9330,2011000000000,1,1,3,2
35,500,9332,2011000000000,4,1,3,2
35,500,9335,2011000000000,5,1,4,2
35,500,9336,2011000000000,3,2,2,2
35,500,9339,2011000000000,5,2,5,3
35,500,9347,2011000000000,2,2,3,1
35,500,9350,2011000000000,2,2,2,2
35,500,9355,2011000000000,4,2,2,2
35,500,9359,2011000000000,5,2,2,2
35,500,9360,2011000000000,2,1,3,2
35,500,9367,2011000000000,1,1,2,1
35,500,9368,2011000000000,3,1,4,3
35,500,9371,2011000000000,3,2,3,1
35,500,9374,2011000000000,1,2,2,1
35,500,9376,2011000000000,1,2,2,1
35,500,9377,2011000000000,3,1,4,3
35,500,9379,2011000000000,2,1,3,2
35,500,9382,2011000000000,4,2,2,2
35,500,9384,2011000000000,1,1,4,1
35,500,9388,2011000000000,2,1,2,2
35,500,9389,2011000000000,5,1,5,4
35,500,9394,2011000000000,2,1,2,2
35,500,9395,2011000000000,2,2,2,1
35,500,9397,2011000000000,5,1,5,2
35,500,9401,2011000000000,2,1,1,3
35,500,9411,2011000000000,5,1,3,3
35,500,9420,2011000000000,3,1,4,3
35,500,9425,2011000000000,1,1,3,2
35,500,9428,2011000000000,1,2,3,1
35,500,9429,2011000000000,4,2,2,2
35,500,9439,2011000000000,5,1,2,3
35,500,9440,2011000000000,3,2,2,2
35,500,9441,2011000000000,4,2,4,2
35,500,9447,2011000000000,3,1,4,2
35,500,9450,2011000000000,3,2,3,2